end_date,source,installed_through,promote,locked_recall,persistence_recall,recall_gap,locked_false_alarm_rate,flow_shift,watch
2013-12-30,hist,1999-12-31,False,0.6969957542860213,0.5048100177352609,0.19218573655076043,0.13171378624389657,0.04294247164088519,False
2014-01-06,hist,1999-12-31,False,0.6900490275308443,0.49911103927590106,0.19093798825494324,0.12971134338152088,0.04143477375132498,False
2014-01-13,hist,1999-12-31,False,0.6876927238301326,0.4972139572626454,0.1904787665674872,0.1282466554680337,0.04079108723398053,False
2014-01-20,hist,1999-12-31,False,0.6856786237586151,0.4961740923644652,0.1895045313941499,0.1267452050762304,0.04002187807461202,False
2014-01-27,hist,1999-12-31,False,0.6831951444209614,0.49525822359507937,0.18793692082588204,0.12566993409387442,0.038306041678271306,False
2014-02-03,hist,1999-12-31,False,0.6808556379662475,0.49715145651940235,0.18370418144684514,0.12394341669903954,0.035556920339400326,False
2014-02-10,hist,1999-12-31,False,0.6746648223026176,0.4937220685252181,0.1809427537773995,0.12261923922957241,0.033057136109628585,False
2014-02-17,hist,1999-12-31,False,0.6639210954304601,0.4858087193746393,0.17811237605582075,0.12244116441715318,0.031917917999027316,False
2014-02-24,hist,1999-12-31,False,0.665050334686133,0.4881146892953144,0.17693564539081857,0.1219458152885487,0.03220771713093615,False
2014-03-03,hist,1999-12-31,False,0.6630630630630631,0.4879703232644409,0.17509273979862217,0.12239831452381272,0.03748948319890173,False
2014-03-10,hist,1999-12-31,False,0.6514477197759045,0.48295722289125087,0.16849049688465367,0.1228218723329906,0.0386802443561664,False
2014-03-17,hist,1999-12-31,False,0.6502623294858342,0.482791185729276,0.1674711437565582,0.12272250886810707,0.03865605924115705,False
2014-03-24,hist,1999-12-31,False,0.6495955457506041,0.482981405609833,0.16661414014077108,0.12213340498421442,0.03377609043682177,False
2014-03-31,hist,1999-12-31,False,0.6464056415114199,0.4811072518682244,0.1652983896431955,0.12129800008058775,0.03375434885895698,False
2014-04-07,hist,1999-12-31,False,0.6471363780191963,0.48185845374960445,0.16527792426959187,0.12021135176506922,0.03312906913600219,False
2014-04-14,hist,1999-12-31,False,0.6477344573234984,0.4822971548998946,0.16543730242360383,0.1191918242372153,0.03330672975817862,False
2014-04-21,hist,1999-12-31,False,0.6475643188528047,0.48175875158161113,0.1658055672711936,0.11867866254867732,0.03231914653692647,False
2014-04-28,hist,1999-12-31,False,0.6473042192533136,0.48223055394201825,0.16507366531129536,0.11796926918662022,0.029928173710216208,False
2014-05-05,hist,1999-12-31,False,0.6530471648118706,0.48733439321674615,0.1657127715951245,0.11671520015029724,0.02641537458868102,False
2014-05-12,hist,1999-12-31,False,0.6560059109140807,0.49007810850749417,0.1659278024065865,0.11616541353383458,0.025247319189673136,False
2014-05-19,hist,1999-12-31,False,0.6610743582958455,0.4939931198729823,0.1670812384228632,0.11594961513425003,0.024705945623053463,False
2014-05-26,hist,1999-12-31,False,0.6639873083024854,0.4964040190375463,0.16758328926493915,0.11527671512369293,0.02432812010231112,False
2014-06-02,hist,1999-12-31,False,0.6647472132706429,0.49775476781657774,0.16699244545406516,0.11425771417448097,0.022014426692359285,False
2014-06-09,hist,1999-12-31,False,0.6649073731989233,0.4991819285374993,0.16572544466142403,0.11414397056947792,0.02202630588510606,False
2014-06-16,hist,1999-12-31,False,0.6646757228183308,0.5005021407051112,0.16417358211321953,0.1132835309989328,0.018799210401395934,False
2014-06-23,hist,1999-12-31,False,0.6651320315393978,0.5018786050695878,0.16325342646981,0.1131124547852172,0.017780577839663112,False
2014-06-30,hist,1999-12-31,False,0.6655491698595147,0.5038314176245211,0.16171775223499363,0.11307974999329382,0.01763578822330675,False
2014-07-07,hist,1999-12-31,False,0.6668627346131223,0.5068178172290252,0.1600449173840971,0.11307780466063924,0.01832815336697117,False
2014-07-14,hist,1999-12-31,False,0.6672204952299282,0.5080394468860543,0.15918104834387392,0.11284422110552764,0.01886939447663366,False
2014-07-21,hist,1999-12-31,False,0.6683449384038564,0.5096946973754687,0.15865024102838776,0.1120492099867326,0.019242590453523892,False
2014-07-28,hist,1999-12-31,False,0.6687881056797519,0.5101615146004921,0.1586265910792598,0.1109577106092085,0.01963105210013867,False
2014-08-04,hist,1999-12-31,False,0.6677336747759283,0.5095497225778916,0.15818395219803671,0.1099662116864659,0.02068742558274301,False
2014-08-11,hist,1999-12-31,False,0.66716409955764,0.5096732931833928,0.15749080637424717,0.1091957491032217,0.022124245268241673,False
2014-08-18,hist,1999-12-31,False,0.6683051934173969,0.5124492412908741,0.1558559521265228,0.10786101131427958,0.022035637485697958,False
2014-08-25,hist,1999-12-31,False,0.6688943541488451,0.5140076988879384,0.15488665526090672,0.1071284952146055,0.023890267987556106,False
2014-09-01,hist,1999-12-31,False,0.6689673622257892,0.515569823434992,0.1533975387907972,0.10644158211475828,0.024425004427387136,False
2014-09-08,hist,1999-12-31,False,0.6709840382651691,0.5189444832589886,0.1520395550061805,0.10583318263106074,0.026160496011815464,False
2014-09-15,hist,1999-12-31,False,0.6710809646856158,0.5211024978466839,0.1499784668389319,0.10449870088125787,0.026362074968176663,False
2014-09-22,hist,1999-12-31,False,0.6692126909518213,0.5202435637218246,0.14896912722999678,0.10251632190688134,0.025347634269121747,False
2014-09-29,hist,1999-12-31,False,0.6662237576401807,0.5186819027371777,0.14754185490300298,0.10132601798877211,0.02551874245069473,False
2014-10-06,hist,1999-12-31,False,0.6648662960021181,0.5186656076250993,0.14620068837701883,0.09921958355421646,0.02456485305435572,False
2014-10-13,hist,1999-12-31,False,0.6652600485283258,0.5198860639307944,0.14537398459753137,0.0969385699899295,0.0232851128119234,False
2014-10-20,hist,1999-12-31,False,0.6670365086912876,0.5239076451629947,0.1431288635282929,0.09601895543727053,0.02405100727817429,False
2014-10-27,hist,1999-12-31,False,0.6696651940171395,0.5283440677063928,0.14132112631074678,0.09543256818288504,0.02509255571251178,False
2014-11-03,hist,1999-12-31,False,0.6698358740107293,0.5290274605619589,0.14080841344877038,0.09439163944432892,0.02550441640034324,False
2014-11-10,hist,1999-12-31,False,0.6715790593743349,0.5320280910832091,0.1395509682911258,0.09389586351199099,0.02585763728943717,False
2014-11-17,hist,1999-12-31,False,0.6692553191489362,0.5319148936170213,0.13734042553191494,0.09295946562223355,0.022657067775805693,False
2014-11-24,hist,1999-12-31,False,0.6671667381054436,0.5319331333047578,0.1352336048006858,0.09139395888611937,0.020760659603042478,False
2014-12-01,hist,1999-12-31,False,0.6683731206552783,0.5350002694401035,0.13337285121517484,0.0913887419568667,0.02124049306614621,False
2014-12-08,hist,1999-12-31,False,0.6720083132793699,0.5397615401443885,0.13224677313498145,0.09118857937229322,0.02119682174504879,False
2014-12-15,hist,1999-12-31,False,0.6755066718776171,0.5444140472335436,0.13109262464407356,0.09125515843650206,0.021556207528652498,False
2014-12-22,hist,1999-12-31,False,0.6765753037581238,0.546877649053405,0.12969765470471883,0.09074447617716176,0.021215481614877463,False
2014-12-29,hist,1999-12-31,False,0.6782883400344629,0.5485353245261344,0.12975301550832852,0.09074539196534173,0.02010032368686205,False
2015-01-05,hist,1999-12-31,False,0.6795248735740327,0.5492179230859696,0.13030695048806307,0.08980000265072696,0.01825927805734905,False
2015-01-12,hist,1999-12-31,False,0.6776080210074004,0.5460730484602531,0.1315349725471473,0.08840769556472955,0.01642569128918819,False
2015-01-19,hist,1999-12-31,False,0.676475941993811,0.5440203871124325,0.1324555548813785,0.08789713855521142,0.01680231786183374,False
2015-01-26,hist,1999-12-31,False,0.6758019308626596,0.5418249766427904,0.13397695421986922,0.08746616793873022,0.016552227876917854,False
2015-02-02,hist,1999-12-31,False,0.6683550715461568,0.5317842218564012,0.13657084968975564,0.08695452095139172,0.01564453666511075,False
2015-02-09,hist,1999-12-31,False,0.6669456066945607,0.5300289668490505,0.13691663984551017,0.08615043347574701,0.01715803727432653,False
2015-02-16,hist,1999-12-31,False,0.6605504587155964,0.5235818581212043,0.1369686005943921,0.08500951256314374,0.01796536318995285,False
2015-02-23,hist,1999-12-31,False,0.6335959659628112,0.5012291207059565,0.13236684525685471,0.08380523930730123,0.01676809157743904,False
2015-03-02,hist,1999-12-31,False,0.6074908647990256,0.48678440925700367,0.12070645554202192,0.08232335234474018,0.01601370943358435,False
2015-03-09,hist,1999-12-31,False,0.5977893210920512,0.4822420874607393,0.11554723363131186,0.08065304720122628,0.015483634806329378,False
2015-03-16,hist,1999-12-31,False,0.5923202121887998,0.4792935077460968,0.11302670444270302,0.08026090576860805,0.015005095000988986,False
2015-03-23,hist,1999-12-31,False,0.5871899071996118,0.4760720567720022,0.11111785042760963,0.08001532152079302,0.01687491877702373,False
2015-03-30,hist,1999-12-31,False,0.5833029308038429,0.47671166241031254,0.10659126839353034,0.079419260276505,0.01658597317246615,False
2015-04-06,hist,1999-12-31,False,0.5805867439333575,0.47730290957382593,0.10328383435953159,0.07907256412628352,0.016279985555880998,False
2015-04-13,hist,1999-12-31,False,0.5770130103723244,0.4758079021524072,0.10120510821991724,0.07853652407937631,0.014753549303799667,False
2015-04-20,hist,1999-12-31,False,0.5742491324638028,0.4726576522675601,0.1015914801962427,0.07793960077780865,0.014061190765745996,False
2015-04-27,hist,1999-12-31,False,0.5703641890683674,0.46980985873517317,0.10055433033319422,0.07747583222502333,0.014302434686421662,False
2015-05-04,hist,1999-12-31,True,0.5693019393867504,0.46960441254967084,0.09969752683707961,0.07774401345276635,0.015808656378000475,False
2015-05-11,hist,2015-05-04,False,0.5648535564853556,0.4670870410749013,0.09776651541045434,0.07801827228218022,0.016410134479706476,False
2015-05-18,hist,2015-05-04,False,0.5565126294959841,0.46234431381678504,0.09416831567919909,0.0782015047171689,0.016602746374771493,False
2015-05-25,hist,2015-05-04,False,0.5469511845350772,0.4559743016118855,0.09097688292319167,0.0786908124273135,0.01597000497518864,False
2015-06-01,hist,2015-05-04,False,0.5416903006239365,0.4523539421440726,0.08933635847986393,0.07903352453452935,0.019687971896892306,False
2015-06-08,hist,2015-05-04,False,0.541165169237724,0.4536927162795954,0.08747245295812855,0.07919526532677368,0.02107960466452067,False
2015-06-15,hist,2015-05-04,False,0.5411817619609828,0.45437679203912973,0.08680496992185305,0.07953584108818886,0.025244598233663425,False
2015-06-22,hist,2015-05-04,False,0.542136399151691,0.45490568143766047,0.08723071771403051,0.07969864657643842,0.026318293529116805,False
2015-06-29,hist,2015-05-04,False,0.5437392795883362,0.4561500580977148,0.08758922149062143,0.07967430840591318,0.02541798554647829,False
2015-07-06,hist,2015-05-04,False,0.5442752707085142,0.4563293574451712,0.087945913263343,0.07933740774137528,0.024389015433077046,False
2015-07-13,hist,2015-05-04,False,0.5457136592852445,0.45900021925016443,0.08671344003508008,0.07929762668377165,0.02395830332966715,False
2015-07-20,hist,2015-05-04,False,0.548149361283983,0.462714270116825,0.08543509116715797,0.07910956614746975,0.02103226387033566,False
2015-07-27,hist,2015-05-04,False,0.5501547819475371,0.4666268397327975,0.08352794221473958,0.0789926084484431,0.019352873504304632,False
2015-08-03,hist,2015-05-04,False,0.5520310729891568,0.4696552840265415,0.08237578896261527,0.07866319432821632,0.017280493064024263,False
2015-08-10,hist,2015-05-04,False,0.5516044636659726,0.470446900528592,0.0811575631373806,0.07797344130205994,0.014956382208812095,False
2015-08-17,hist,2015-05-04,False,0.5530278926715453,0.4715240216353802,0.08150387103616508,0.07764508554176451,0.013856395006411256,False
2015-08-24,hist,2015-05-04,False,0.5556961358005166,0.47445832674363436,0.08123780905688222,0.07707182134968008,0.013281341817282417,False
2015-08-31,hist,2015-05-04,False,0.5564181923097099,0.4756858836489535,0.08073230866075642,0.07706674728744667,0.013403580264011842,False
2015-09-07,hist,2015-05-04,False,0.5557578279413294,0.4756059502756684,0.08015187766566106,0.07742026607121238,0.013927712987923734,False
2015-09-14,hist,2015-05-04,False,0.5569797612869746,0.47747794499221585,0.07950181629475872,0.07774593307229645,0.015213285594953108,False
2015-09-21,hist,2015-05-04,False,0.555056063659381,0.4761018963468196,0.07895416731256139,0.07802497391538488,0.01603981532629498,False
2015-09-28,hist,2015-05-04,False,0.5554646345829285,0.47629519766787703,0.07916943691505146,0.077847056047993,0.017211322227622193,False
2015-10-05,hist,2015-05-04,False,0.5557365366995826,0.47516033798228646,0.0805761987172961,0.07848943087237457,0.019239958858614098,False
2015-10-12,hist,2015-05-04,False,0.5533292855697227,0.4732847601700061,0.08004452539971663,0.0787477049357382,0.020480353137403432,False
2015-10-19,hist,2015-05-04,False,0.5501317293831088,0.4681115474474325,0.08202018193567634,0.07909818595178326,0.021515259956847114,False
2015-10-26,hist,2015-05-04,False,0.5517936117936117,0.4705159705159705,0.08127764127764125,0.07994144675314113,0.02310914195802652,False
2015-11-02,hist,2015-05-04,False,0.5526147173345163,0.47173345162403274,0.08088126571048354,0.08072131636171495,0.02245699216859913,False
2015-11-09,hist,2015-05-04,False,0.5526172973506339,0.472494943016429,0.08012235433420489,0.08162477394184463,0.023366849535022226,False
2015-11-16,hist,2015-05-04,False,0.5570055287144494,0.477860238083379,0.0791452906310704,0.08417720234592203,0.028441773173936584,False
2015-11-23,hist,2015-05-04,False,0.5592187421949149,0.48029372096508316,0.0789250212298317,0.08542217473916248,0.031253056414760214,False
2015-11-30,hist,2015-05-04,False,0.55708895949166,0.47795869737887214,0.0791302621127879,0.08489212528085326,0.02857647148849132,False
2015-12-07,hist,2015-05-04,False,0.5579020424350585,0.47888161808447355,0.07902042435058493,0.08456977310878865,0.027413944442193992,False
2015-12-14,hist,2015-05-04,False,0.554648862512364,0.476162215628091,0.07848664688427298,0.08381859054222415,0.024217253023486547,False
2015-12-21,hist,2015-05-04,False,0.5536385208621712,0.4757761518686969,0.07786236899347437,0.08313921993499458,0.021587922328600226,False
2015-12-28,hist,2015-05-04,False,0.5530205336772146,0.47554806070826305,0.07747247296895154,0.0831629959525131,0.02192513878923224,False
2016-01-04,hist,2015-05-04,False,0.5522121257262029,0.4757435821043746,0.07646854362182831,0.0831974230048251,0.021476535184719415,False
2016-01-11,hist,2015-05-04,False,0.5503435912757694,0.47435514390996913,0.07598844736580024,0.08344946085262403,0.02127550507769975,False
2016-01-18,hist,2015-05-04,False,0.5495774788739437,0.4744237211860593,0.0751537576878844,0.08333502356178461,0.020193102535089928,False
2016-01-25,hist,2015-05-04,False,0.549590308148595,0.4748906650580606,0.0746996430905344,0.08272810188156605,0.018852132224235395,False
2016-02-01,hist,2015-05-04,False,0.5534741664545686,0.47854415881903795,0.07493000763553065,0.08248855075103026,0.018126639683223197,False
2016-02-08,hist,2015-05-04,False,0.5574327804677037,0.48186875450705674,0.07556402596064699,0.08193597047692162,0.0166432133922399,False
2016-02-15,hist,2015-05-04,False,0.5669287184086952,0.4903709175328444,0.07655780087585079,0.08120573327515021,0.014442367772395479,False
2016-02-22,hist,2015-05-04,False,0.5813902572523262,0.5025725232621784,0.0788177339901478,0.08060118419118138,0.013240092744510875,False
2016-02-29,hist,2015-05-04,False,0.6027436574446102,0.5137182872230514,0.08902537022155887,0.0799409911885491,0.01115368485403303,False
2016-03-07,hist,2015-05-04,False,0.6213957375679064,0.522237478359501,0.09915825920840549,0.0795332005795299,0.009241631065034457,False
2016-03-14,hist,2015-05-04,False,0.6262988393996476,0.5248222640821535,0.1014765753174941,0.078276142118573,0.007374154817648682,False
2016-03-21,hist,2015-05-04,False,0.6308035161569889,0.5276092608641823,0.10319425529280668,0.07747406987624708,0.0046930066022860106,False
2016-03-28,hist,2015-05-04,False,0.6291088613923259,0.524121984751906,0.10498687664041995,0.07702789883217252,0.0028775250190781906,False
2016-04-04,hist,2015-05-04,False,0.6260533485395678,0.5196097066463917,0.10644364189317612,0.07630566967953985,0.0016028724818221507,False
2016-04-11,hist,2015-05-04,False,0.6232612055641422,0.5171947449768161,0.10606646058732616,0.07552828455177844,0.00121840671123009,False
2016-04-18,hist,2015-05-04,False,0.619281045751634,0.5143790849673202,0.1049019607843138,0.07462256238205074,0.0010266934500098063,False
2016-04-25,hist,2015-05-04,False,0.6108704214257582,0.5131941709334383,0.09767625049231987,0.07364711738737441,0.0009321269648762368,False
2016-05-02,hist,2015-05-04,True,0.6044426602435434,0.5115750033453766,0.09286765689816678,0.07250166708071286,0.0007935056471285102,False
2016-05-09,hist,2016-05-02,False,0.6047727116429407,0.5129633450244138,0.0918093666185269,0.07135824525484621,0.0007266770528325855,False
2016-05-16,hist,2016-05-02,False,0.6089788981730633,0.5155077184534769,0.0934711797195864,0.07044204283874995,0.000754020353291153,False
2016-05-23,hist,2016-05-02,False,0.6166751768910934,0.5208257349186666,0.09584944197242684,0.07035713590879318,0.0011783521679689629,False
2016-05-30,hist,2016-05-02,False,0.6177084887363867,0.5211099507683127,0.09659853796807405,0.06879522595176761,0.0011550478845451311,False
2016-06-06,hist,2016-05-02,False,0.6129032258064516,0.5145425700687467,0.09836065573770492,0.06678692191813591,0.0014447815292433725,False
2016-06-13,hist,2016-05-02,False,0.6081526319822236,0.5103823461803694,0.0977702858018542,0.06507293825916814,0.0020684782999414223,False
2016-06-20,hist,2016-05-02,False,0.598546916061215,0.5040964600401917,0.09445045602102331,0.06339936761953927,0.0028831665038467668,False
2016-06-27,hist,2016-05-02,False,0.5853998760074396,0.49643521388716677,0.08896466212027282,0.06223710355861784,0.0035354473160495144,False
2016-07-04,hist,2016-05-02,False,0.5741115960099751,0.48940149625935164,0.08471009975062344,0.06178260981712193,0.003934779075729951,False
2016-07-11,hist,2016-05-02,False,0.5651763966370708,0.48055315471045806,0.08462324192661269,0.0614572660312796,0.004523929165623371,False
2016-07-18,hist,2016-05-02,False,0.5572879754311363,0.4709032207260414,0.08638475470509488,0.06193584134940629,0.005116844790608976,False
2016-07-25,hist,2016-05-02,False,0.5519521410579346,0.46308249370277077,0.08886964735516378,0.06260147934331589,0.0058418553251854966,False
2016-08-01,hist,2016-05-02,False,0.5477287166454892,0.45719504447268106,0.09053367217280811,0.06308429266785134,0.007239414877958992,False
2016-08-08,hist,2016-05-02,False,0.5464761598972547,0.45248033392197784,0.09399582597527689,0.06353168221293021,0.009160692360528442,False
2016-08-15,hist,2016-05-02,False,0.5417546709991876,0.4471161657189277,0.09463850528025991,0.06493656730806309,0.011010339564765294,False
2016-08-22,hist,2016-05-02,False,0.5344713838033976,0.44111825828797624,0.09335312551542141,0.06612445597052291,0.0120916946878307,False
2016-08-29,hist,2016-05-02,False,0.5289462723865056,0.43698458975426907,0.09196168263223653,0.06609237795295793,0.012642022405857954,False
2016-09-05,hist,2016-05-02,False,0.5265594747032578,0.43480090916743835,0.09175856553581946,0.06564164354062386,0.013013352715245775,False
2016-09-12,hist,2016-05-02,False,0.519537145732014,0.4257085359718263,0.09382860976018775,0.0652318857304048,0.012973758866807596,False
2016-09-19,hist,2016-05-02,False,0.5200134261978686,0.4227574053872619,0.09725602081060669,0.06454859575231904,0.013025438867192962,False
2016-09-26,hist,2016-05-02,False,0.5191377408130358,0.41839938895018247,0.10073835186285329,0.06442273819055244,0.01274402065722379,False
2016-10-03,hist,2016-05-02,False,0.5200407608695652,0.41898777173913043,0.10105298913043476,0.06403555965465119,0.012641896990123894,False
2016-10-10,hist,2016-05-02,False,0.5224299065420561,0.4206457094307562,0.10178419711129993,0.06437894682908708,0.011964821209687665,False
2016-10-17,hist,2016-05-02,False,0.5243049633293536,0.4237591676616067,0.1005457956677469,0.06413671229719174,0.011357778101439613,False
2016-10-24,hist,2016-05-02,False,0.5209817214451214,0.4180039474813353,0.10297777396378616,0.06387635595660938,0.011285425843445284,False
2016-10-31,hist,2016-05-02,False,0.5188231304052908,0.4154654909275903,0.10335763947770055,0.0636073638494946,0.011342478034367099,False
2016-11-07,hist,2016-05-02,False,0.5208472314876584,0.41419279519679786,0.10665443629086058,0.06314297442212473,0.010768698295938125,False
2016-11-14,hist,2016-05-02,False,0.5254031277854306,0.4176322826351187,0.10777084515031193,0.06140762501044566,0.010106311409252416,False
2016-11-21,hist,2016-05-02,False,0.5235667790761509,0.41651635165869344,0.10705042741745746,0.060119749672911955,0.00974792475288745,False
2016-11-28,hist,2016-05-02,False,0.5272755016403449,0.4162661173418784,0.11100938429846646,0.060180489790117635,0.009128465603102093,False
2016-12-05,hist,2016-05-02,False,0.5261185468451243,0.4148374760994264,0.11128107074569787,0.06208624776371962,0.00814628218573381,False
2016-12-12,hist,2016-05-02,False,0.5328315797557791,0.4203210198909454,0.11251055986483371,0.0643243138546166,0.007264941301054834,False
2016-12-19,hist,2016-05-02,False,0.5377064150369074,0.4249296096187505,0.11277680541815693,0.0665193484399129,0.006793625866217016,False
2016-12-26,hist,2016-05-02,False,0.5414356361456616,0.4298666267046306,0.11156900944103099,0.06828974780347045,0.006599362220138551,False
2017-01-02,hist,2016-05-02,False,0.5409090909090909,0.4257824143070045,0.11512667660208642,0.06869141939827042,0.007365228779632218,False
2017-01-09,hist,2016-05-02,False,0.5397980397980398,0.4258984258984259,0.11389961389961384,0.06883579383579383,0.00876678726062408,False
2017-01-16,hist,2016-05-02,False,0.5385519165809958,0.4262006168306653,0.11235129975033048,0.06944714498671334,0.009313794007739124,False
2017-01-23,hist,2016-05-02,False,0.5390728476821192,0.42663723325974984,0.11243561442236932,0.07131378063479309,0.012179250537004993,False
2017-01-30,hist,2016-05-02,False,0.5381446332671228,0.425954535422644,0.11219009784447881,0.07182062664031365,0.015196977856029633,False
2017-02-06,hist,2016-05-02,False,0.535454809648358,0.42124382446963093,0.11421098517872708,0.07215331118953705,0.01608397951814043,False
2017-02-13,hist,2016-05-02,False,0.536583604189238,0.4216684723726977,0.11491513181654028,0.07280138644580464,0.01531225430626897,False
2017-02-20,hist,2016-05-02,False,0.5328881943457877,0.4151157834919733,0.1177724108538144,0.07293115777156602,0.012594395581541955,False
2017-02-27,hist,2016-05-02,False,0.522117777163395,0.40434061376831626,0.11777716339507877,0.0731621480709072,0.011277630627213958,False
2017-03-06,hist,2016-05-02,False,0.5229896698399839,0.4039565188035919,0.11903315103639195,0.07355467448741647,0.013246632128660497,False
2017-03-13,hist,2016-05-02,False,0.5218534341110745,0.3998028261583963,0.12205060795267825,0.07398505497959959,0.01114034198415995,False
2017-03-20,hist,2016-05-02,False,0.5208535402521823,0.4010345942450695,0.11981894600711285,0.07476893002630491,0.01104533390529744,False
2017-03-27,hist,2016-05-02,False,0.5252855859324862,0.40861250160441537,0.11667308432807083,0.07583734884392684,0.0115398649249391,False
2017-04-03,hist,2016-05-02,False,0.5308050737768574,0.4133445508672017,0.1174605229096557,0.07813401899564465,0.010793583870502655,False
2017-04-10,hist,2016-05-02,False,0.5338983050847458,0.41571056062581485,0.11818774445893093,0.07963662104766399,0.011078439001406646,False
2017-04-17,hist,2016-05-02,False,0.5372754001960144,0.4184253511924208,0.11885004900359358,0.08037194550565847,0.01125386588999048,False
2017-04-24,hist,2016-05-02,False,0.5470034473614426,0.4199814372845399,0.12702201007690267,0.08140737057006753,0.010104241428860159,False
2017-05-01,hist,2016-05-02,False,0.5524503576920505,0.4215417530253393,0.13090860466671123,0.08132016135886656,0.007459261049010913,False
2017-05-08,hist,2016-05-02,False,0.5533069758091537,0.4222341352275012,0.13107284058165247,0.0810014053665392,0.004700645626796351,False
2017-05-15,hist,2016-05-02,False,0.5536025761438347,0.42251442372199116,0.13108815242184352,0.0809139749807192,0.003971603489163659,False
2017-05-22,hist,2016-05-02,False,0.5545381093455427,0.42290600592512795,0.13163210342041476,0.07944804515994146,0.0028504973072737577,False
2017-05-29,hist,2016-05-02,False,0.5573369565217391,0.42452445652173915,0.13281249999999994,0.07914458051544507,0.0019570983441102928,False
2017-06-05,hist,2016-05-02,False,0.5595295083088285,0.42645148054434795,0.13307802776448058,0.07909449717845843,0.0015751581448453483,False
2017-06-12,hist,2016-05-02,False,0.559354617233093,0.42540336422931685,0.13395125300377614,0.07941021109538747,0.0011284595298510687,False
2017-06-19,hist,2016-05-02,False,0.5625173852573018,0.42684283727399164,0.13567454798331013,0.07945781876921473,0.0008585322320959867,False
2017-06-26,hist,2016-05-02,False,0.568660847349372,0.4287843304236747,0.13987651692569725,0.0792435166464045,0.000902200663324902,False
2017-07-03,hist,2016-05-02,False,0.5740567058653777,0.4313541591515764,0.14270254671380134,0.07883957493492245,0.0009463294687127422,False
2017-07-10,hist,2016-05-02,False,0.5762526438625921,0.4333017285391292,0.14295091532346293,0.07825054962158796,0.0012516004934017898,False
2017-07-17,hist,2016-05-02,False,0.575800237107291,0.43346176644931833,0.14233847065797267,0.07685283527187006,0.001763866544430586,False
2017-07-24,hist,2016-05-02,False,0.5738176314793795,0.43193340900491867,0.1418842224744608,0.07524580944192691,0.0029576181245364345,False
2017-07-31,hist,2016-05-02,False,0.5711650783891792,0.4296802951122041,0.14148478327697506,0.0739593017250284,0.0041621063368766885,False
2017-08-07,hist,2016-05-02,False,0.5687441277795177,0.4285155026620733,0.14022862511744438,0.07291022070957096,0.0052823158707125655,False
2017-08-14,hist,2016-05-02,False,0.5665769474350855,0.4276440785307156,0.13893286890436984,0.07085447847703444,0.006785180299490499,False
2017-08-21,hist,2016-05-02,False,0.5641619420266709,0.42521759961670524,0.13894434240996567,0.06885478006242558,0.008466556689905837,False
2017-08-28,hist,2016-05-02,False,0.5626668824338539,0.42260700703940446,0.14005987539444942,0.06765713697934413,0.010086878868266466,False
2017-09-04,hist,2016-05-02,False,0.5580669022766499,0.41859127147201447,0.13947563080463543,0.066488593241343,0.011691823856028105,False
2017-09-11,hist,2016-05-02,False,0.5579053373615307,0.42002349781805975,0.13788183954347094,0.06562516026462896,0.013283046102134176,False
2017-09-18,hist,2016-05-02,False,0.5551285336066274,0.4199333845759672,0.1351951490306602,0.06492359106012202,0.014241314756136315,False
2017-09-25,hist,2016-05-02,False,0.5514238439432204,0.4200121919359053,0.13141165200731514,0.06392200735176602,0.01526056611306404,False
2017-10-02,hist,2016-05-02,False,0.5369690613529103,0.4102429645166929,0.12672609683621744,0.06268454488515077,0.016363346837966915,False
2017-10-09,hist,2016-05-02,False,0.5252167757918952,0.40054857547336753,0.12466820031852766,0.061523824119126984,0.018021113564948784,False
2017-10-16,hist,2016-05-02,False,0.5198829874760033,0.3979339976231831,0.12194898985282016,0.06067440067784085,0.019220571914962303,False
2017-10-23,hist,2016-05-02,False,0.5108324882455979,0.39172121323868353,0.11911127500691437,0.059168093925290176,0.020034129270698645,False
2017-10-30,hist,2016-05-02,False,0.5082800150545729,0.39066616484757244,0.11761385020700044,0.05937182095625636,0.019395331951360627,False
2017-11-06,hist,2016-05-02,False,0.5030502566088894,0.38752783964365256,0.1155224169652368,0.05871900800223377,0.019557438239216112,False
2017-11-13,hist,2016-05-02,False,0.4913950192346629,0.37669568738611053,0.11469933184855235,0.05789407074606087,0.021632259793632983,False
2017-11-20,hist,2016-05-02,False,0.48610227031614683,0.3712072989603225,0.11489497135582433,0.05766585479739024,0.02174038710171178,False
2017-11-27,hist,2016-05-02,False,0.47639245451501283,0.36789820292443354,0.1084942515905793,0.05704345418970865,0.02410011878454163,False
2017-12-04,hist,2016-05-02,False,0.4650475877912701,0.360682638660978,0.1043649491302921,0.05448865318359609,0.02683713875756582,False
2017-12-11,hist,2016-05-02,False,0.45170332039672273,0.34971970677015957,0.10198361362656316,0.05147763376872258,0.031017246939924942,False
2017-12-18,hist,2016-05-02,True,0.4295554164057608,0.32999373825923606,0.09956167814652472,0.04893700339805212,0.03563115563688352,False
2017-12-25,hist,2017-12-18,False,0.4239300218681662,0.31865042174320524,0.10527960012496096,0.04745901898234421,0.03986923792720324,False
2018-01-01,hist,2017-12-18,False,0.4257137112987535,0.3239847205468436,0.10172899075190994,0.047322106862496834,0.036980335727010226,False
2018-01-08,hist,2017-12-18,False,0.4213594058475134,0.32095515652909656,0.10040424931841685,0.04698259691869448,0.034638661671873,False
2018-01-15,hist,2017-12-18,False,0.4243024132730015,0.32107843137254904,0.10322398190045246,0.04794024157660521,0.031303366031839204,False
2018-01-22,hist,2017-12-18,False,0.4282822706780753,0.3222927592234796,0.10598951145459568,0.047758836976801944,0.03001229383421805,False
2018-01-29,hist,2017-12-18,False,0.4309782608695652,0.32608695652173914,0.10489130434782606,0.04907948083739195,0.026011715970323566,False
2018-02-05,hist,2017-12-18,False,0.43855509166817935,0.3360864040660737,0.10246868760210565,0.051596660080311045,0.020295179095400535,False
2018-02-12,hist,2017-12-18,False,0.43860435913534845,0.33446945914431786,0.1041348999910306,0.0526221779929701,0.019686802440988846,False
2018-02-19,hist,2017-12-18,False,0.443714568523351,0.3422118239899217,0.10150274453342928,0.05434484518001212,0.01611629277342926,False
2018-02-26,hist,2017-12-18,False,0.45376995046780405,0.3535131168592919,0.10025683360851217,0.056048813421143144,0.01430119827761234,False
2018-03-05,hist,2017-12-18,False,0.4502475941324862,0.3513033728861067,0.09894422124637953,0.05728825419038835,0.014204255843187264,False
2018-03-12,hist,2017-12-18,False,0.44874976140484824,0.35464783355602214,0.0941019278488261,0.05820999809439116,0.013388480681536315,False
2018-03-19,hist,2017-12-18,False,0.4434025452109846,0.34838771409434505,0.09501483111663955,0.058638231390157315,0.013595761043876156,False
2018-03-26,hist,2017-12-18,False,0.43489558271581175,0.3346164950437879,0.10027908767202387,0.05839369718824,0.01444655667729411,False
2018-04-02,hist,2017-12-18,False,0.4360153256704981,0.33438697318007665,0.10162835249042146,0.057040160540554274,0.015404654234275915,False
2018-04-09,hist,2017-12-18,False,0.4371409737263396,0.3360956775590922,0.10104529616724739,0.05636757815231835,0.015752686875589172,False
2018-04-16,hist,2017-12-18,False,0.4375644994840041,0.33633549113425276,0.10122900834975135,0.056108464918695825,0.01562808380279407,False
2018-04-23,hist,2017-12-18,False,0.4363128491620112,0.3354748603351955,0.10083798882681566,0.054998472971597274,0.01546070181126327,False
2018-04-30,hist,2017-12-18,False,0.43724696356275305,0.3355723224144277,0.10167464114832536,0.05506877228731533,0.014368863287823318,False
2018-05-07,hist,2017-12-18,False,0.43882663751480366,0.3375239136376059,0.10130272387719774,0.055247210557506164,0.012879003241011502,False
2018-05-14,hist,2017-12-18,False,0.441025641025641,0.3390913180386865,0.10193432298695454,0.054823876065895796,0.012720416690290337,False
2018-05-21,hist,2017-12-18,False,0.44412786038643043,0.34217790045410024,0.10194995993233019,0.05480702336654391,0.01257562039476449,False
2018-05-28,hist,2017-12-18,False,0.4457293035479632,0.3435830048182216,0.10214629872974157,0.05497370489414862,0.011900324859021432,False
2018-06-04,hist,2017-12-18,False,0.4451673658077219,0.34329252632480095,0.10187483948292098,0.05507370684964827,0.01217845496396919,False
2018-06-11,hist,2017-12-18,False,0.44876088412592097,0.3472036168787676,0.10155726724715336,0.054916519196737706,0.011809058607128064,False
2018-06-18,hist,2017-12-18,False,0.44777940458760374,0.34707987636245324,0.10069952822515049,0.054924717086618724,0.010745380058179151,False
2018-06-25,hist,2017-12-18,False,0.4492165752008272,0.34860415175375803,0.10061242344706917,0.05560956139390857,0.010222747657135175,False
2018-07-02,hist,2017-12-18,False,0.45438965490379374,0.3536651865700709,0.10072446833372284,0.05652358965099182,0.00895268295283658,False
2018-07-09,hist,2017-12-18,False,0.4597156398104265,0.35904295979208073,0.10067268001834578,0.05745307514435933,0.008261866509953409,False
2018-07-16,hist,2017-12-18,False,0.4638405851182924,0.3642062840510486,0.0996343010672438,0.05890462382850929,0.007317500574131205,False
2018-07-23,hist,2017-12-18,False,0.46878430798506915,0.36880626509551345,0.0999780428895557,0.06017933207554509,0.00693403246217637,False
2018-07-30,hist,2017-12-18,False,0.47368421052631576,0.37352602818521713,0.10015818234109863,0.0611975869033008,0.006331668646418077,False
2018-08-06,hist,2017-12-18,False,0.4782393669634026,0.37897414158541753,0.09926522537798504,0.0622195048976884,0.006359271692806099,False
2018-08-13,hist,2017-12-18,False,0.4838463141805044,0.38386715764607793,0.09997915653442646,0.06384766719216187,0.006975031423926139,False
2018-08-20,hist,2017-12-18,False,0.4901665181936545,0.38895360789419586,0.10121291029945861,0.06510550862659405,0.007072943265639912,False
2018-08-27,hist,2017-12-18,False,0.49575782257517137,0.3942170637344736,0.10154075884069774,0.06645164660102897,0.007094746743172176,False
2018-09-03,hist,2017-12-18,False,0.5021479393207142,0.4005906833131964,0.1015572560075178,0.06766101517666898,0.006789191997734153,False
2018-09-10,hist,2017-12-18,False,0.5086901511620164,0.4064726643137777,0.10221748684823873,0.06891115791677023,0.006885551823195719,False
2018-09-17,hist,2017-12-18,False,0.515434552199258,0.4129570747217806,0.10247747747747743,0.06992238118299977,0.006764472456426285,False
2018-09-24,hist,2017-12-18,False,0.520388732024427,0.4161796572329109,0.10420907479151614,0.07061913745218257,0.006119436642710543,False
2018-10-01,hist,2017-12-18,False,0.5322018288270508,0.42562989277021246,0.10657193605683835,0.0711389967711724,0.005583728064702428,False
2018-10-08,hist,2017-12-18,False,0.5392247651805795,0.43107553909247254,0.10814922608810695,0.07160718493885994,0.005283410956029597,False
2018-10-15,hist,2017-12-18,False,0.5425560121967387,0.4341773830041098,0.10837862919262886,0.07207277963217489,0.0047422947776917,False
2018-10-22,hist,2017-12-18,False,0.5470615702754986,0.43926355813488094,0.10779801214061768,0.07241068041183166,0.004346990562438898,False
2018-10-29,hist,2017-12-18,False,0.5493547957961953,0.44179858986297726,0.10755620593321802,0.07146596173476065,0.004330529563077632,False
2018-11-05,hist,2017-12-18,False,0.54986057628469,0.4417076085513212,0.1081529677333688,0.07118127139332299,0.00430599498142357,False
2018-11-12,hist,2017-12-18,False,0.5496610281050484,0.4394787072994142,0.11018232080563417,0.07093118469752055,0.005794264946810124,False
2018-11-19,hist,2017-12-18,False,0.5502893179897276,0.4391782068786165,0.1111111111111111,0.07039315745975941,0.0060360775664472805,False
2018-11-26,hist,2017-12-18,False,0.5523543184183143,0.4411420395421436,0.11121227887617069,0.07066393797473336,0.0062972893285839614,False
2018-12-03,hist,2017-12-18,False,0.5598231373325414,0.44677621593083877,0.11304692140170264,0.0709906463699007,0.00794398196883814,False
2018-12-10,hist,2017-12-18,False,0.567030190184865,0.45271977656603274,0.11431041361883226,0.07152395041041015,0.010658556424008567,False
2018-12-17,hist,2017-12-18,False,0.5837785998081929,0.4675297986025483,0.11624880120564463,0.07234750824059268,0.012924051193987235,False
2018-12-24,hist,2017-12-18,False,0.5865511265164645,0.47292894280762565,0.11362218370883881,0.07171592694742744,0.013407531143313665,False
2018-12-31,hist,2017-12-18,False,0.5917958979489745,0.4780961909526192,0.11369970699635529,0.07095297544735747,0.015562574157360683,False
2019-01-07,hist,2017-12-18,False,0.608502633559067,0.4927012791572611,0.11580135440180589,0.07066659762049636,0.01712209507117508,False
2019-01-14,hist,2017-12-18,False,0.609160536892394,0.49366800636990976,0.11549253052248426,0.06917453745633328,0.01929472440144386,False
2019-01-21,hist,2017-12-18,False,0.6098408774911169,0.4959833153097482,0.11385756218136872,0.06812779371108182,0.023741325838137137,False
2019-01-28,hist,2017-12-18,False,0.6122257787493169,0.4968381606682801,0.11538761808103681,0.06623854395249774,0.029661194258399717,False
2019-02-04,hist,2017-12-18,False,0.6104664930144447,0.4954613623806141,0.11500513063383055,0.06375789154645292,0.03816754496706179,False
2019-02-11,hist,2017-12-18,False,0.6114097729278665,0.49867608120035306,0.11273369172751341,0.06243398510961692,0.04019767528552119,False
2019-02-18,hist,2017-12-18,False,0.613558492413118,0.5012236906510035,0.11233480176211452,0.06072145319816807,0.04475938976934994,False
2019-02-25,hist,2017-12-18,False,0.616784714215121,0.5041179377367814,0.11266677647833967,0.058905580088834036,0.05074966914800643,False
2019-03-04,hist,2017-12-18,False,0.6143731392656302,0.503473370823685,0.11089976844194516,0.05734133614374213,0.054317532317217546,False
2019-03-11,hist,2017-12-18,False,0.6106724295569778,0.503283185105145,0.10738924445183273,0.05610802754651043,0.058601428172852604,False
2019-03-18,hist,2017-12-18,False,0.6126807938109654,0.5060544904137235,0.10662630339724188,0.05486732480069836,0.06270717207106832,False
2019-03-25,hist,2017-12-18,False,0.6194508596356172,0.5127876144042426,0.1066632452313746,0.054261279858448835,0.06331392160683966,False
2019-04-01,hist,2017-12-18,False,0.6145985401459854,0.5100901674538428,0.10450837269214253,0.05358218712745638,0.06368452907970591,False
2019-04-08,hist,2017-12-18,False,0.6125021735350373,0.5081724917405669,0.10432968179447044,0.053133785454009846,0.06752214395137933,False
2019-04-15,hist,2017-12-18,False,0.6130595699682764,0.5086358829749735,0.10442368699330284,0.052989539012764326,0.07552666612545066,False
2019-04-22,hist,2017-12-18,False,0.6148267526188558,0.5098039215686274,0.10502283105022836,0.052932980532014166,0.0803420503246812,False
2019-04-29,hist,2017-12-18,False,0.6155456448530081,0.511149540365887,0.10439610448712111,0.05238393176362429,0.0818877832017802,False
2019-05-06,hist,2017-12-18,False,0.6141174305172097,0.5095711393337015,0.10454629118350822,0.05191366649440797,0.08340514353520563,False
2019-05-13,hist,2017-12-18,False,0.6134508957883876,0.5099896820185724,0.10346121376981521,0.0513910306243389,0.08825255104274037,False
2019-05-20,hist,2017-12-18,False,0.6114400305576776,0.508594346829641,0.1028456837280366,0.05080484498221003,0.09551934723944314,False
2019-05-27,hist,2017-12-18,False,0.6096516832068496,0.5071998443276902,0.10245183887915943,0.05016116419675383,0.10183214695740564,False
2019-06-03,hist,2017-12-18,False,0.6119744969117354,0.5098625224148237,0.10211197449691178,0.04970130966664762,0.11068512621558706,False
2019-06-10,hist,2017-12-18,False,0.6118623232944069,0.5095267363245236,0.10233558696988332,0.04919986056976265,0.1224248606033424,False
2019-06-17,hist,2017-12-18,False,0.6170009551098377,0.5139552159609466,0.10304573914889104,0.0486614003908597,0.12991182822775477,False
2019-06-24,hist,2017-12-18,False,0.6185286103542235,0.5148773841961853,0.10365122615803812,0.04765393116514051,0.1353754478179705,False
2019-07-01,hist,2017-12-18,False,0.6156432093231735,0.511990138951143,0.10365307037203053,0.04669903524812409,0.14348071325566636,False
2019-07-08,hist,2017-12-18,False,0.6129849199953954,0.5088062622309197,0.10417865776447566,0.04566920209550675,0.15468484386643,False
2019-07-15,hist,2017-12-18,False,0.6128183666148511,0.506995097453067,0.10582326916178408,0.0442659728899195,0.16772411065938853,False
2019-07-22,hist,2017-12-18,False,0.6096203783850624,0.5046370718436998,0.10498330654136268,0.04310074406815815,0.18064179708436737,False
2019-07-29,hist,2017-12-18,False,0.6071109978335669,0.5017204027016694,0.10539059513189752,0.04203054716768365,0.18973690322602532,False
2019-08-05,hist,2017-12-18,False,0.6038577614486288,0.49691641516861307,0.10694134628001573,0.0409106834505368,0.20184076672247214,True
2019-08-12,hist,2017-12-18,False,0.5965339832114812,0.49119956674790144,0.10533441646357977,0.03934799042852948,0.21728633428288424,True
2019-08-19,hist,2017-12-18,False,0.5879006521437491,0.4838351602608575,0.1040654918828916,0.03805874202688702,0.22918534315335337,True
2019-08-26,hist,2017-12-18,False,0.5807866440294284,0.47736276174306735,0.10342388228636101,0.03671275248981934,0.23895554767691643,True
2019-09-02,hist,2017-12-18,False,0.5736018545349174,0.4694291509707331,0.10417270356418429,0.03548131857177569,0.2426690181275985,True
2019-09-09,hist,2017-12-18,False,0.5631369073992025,0.45872101609806526,0.10441589130113726,0.034377996090296715,0.24648434029107308,True
2019-09-16,hist,2017-12-18,False,0.5517501508750754,0.4488533494266747,0.10289680144840069,0.03361595451519996,0.24862834990015675,True
2019-09-23,hist,2017-12-18,True,0.5361362590148842,0.4390056774589535,0.09713058155593063,0.0330668423931964,0.2509403166097105,True
2019-09-30,hist,2019-09-23,False,0.513639181649101,0.421264724116553,0.09237445753254803,0.032689487160364926,0.25363627476795275,True
2019-10-07,hist,2019-09-23,False,0.49984742142203237,0.41089411046689045,0.08895331095514192,0.03187526044420119,0.2502247073945807,True
2019-10-14,hist,2019-09-23,False,0.4894957983193277,0.40111044417767105,0.08838535414165666,0.030788001020871848,0.24611573917091473,True
2019-10-21,hist,2019-09-23,False,0.48369896404631324,0.39518586227909813,0.08851310176721511,0.030606022896963663,0.24091597522944994,True
2019-10-28,hist,2019-09-23,False,0.47780517879161527,0.38902589395807646,0.08877928483353881,0.030248368777562838,0.23351284378556375,True
2019-11-04,hist,2019-09-23,False,0.4762350007791803,0.390525167523765,0.08570983325541531,0.03058248502900921,0.22350750025401078,True
2019-11-11,hist,2019-09-23,False,0.4723634053367217,0.3929479034307497,0.07941550190597202,0.031087052447748023,0.21295266112708386,True
2019-11-18,hist,2019-09-23,False,0.4610885458976442,0.3866774979691308,0.07441104792851339,0.030928411285764856,0.21190309917113057,True
2019-11-25,hist,2019-09-23,False,0.45049180327868854,0.3785245901639344,0.07196721311475412,0.030786426154180507,0.21446108657702662,True
2019-12-02,hist,2019-09-23,False,0.43899657924743446,0.36895259814302006,0.0700439811044144,0.03050087278464893,0.21400905770270506,True
2019-12-09,hist,2019-09-23,False,0.4306857424765664,0.3616181549087321,0.06906758756783427,0.030141172232608114,0.20767303118431082,True
2019-12-16,hist,2019-09-23,False,0.4214393053932209,0.3528134914009017,0.0686258139923192,0.02966393702156192,0.19952747878983573,False
2019-12-23,hist,2019-09-23,False,0.4110398379473329,0.3435178933153275,0.06752194463200539,0.029179727506905433,0.194277215705163,False
2019-12-30,hist,2019-09-23,False,0.403209286445886,0.3391942642540116,0.06401502219187438,0.029173389599106366,0.18849084484441384,False
2020-01-06,hist,2019-09-23,False,0.3931727603534916,0.32940564893432683,0.06376711141916475,0.02908278792766525,0.1847133752093395,False
2020-01-13,hist,2019-09-23,False,0.38546217019045953,0.3229075659619081,0.06255460422855141,0.028633637079815644,0.18544706613815448,False
2020-01-20,hist,2019-09-23,False,0.38269871907352165,0.3214599052465345,0.06123881382698715,0.028058486715178133,0.1822676643987251,False
2020-01-27,hist,2019-09-23,False,0.3757102272727273,0.314453125,0.06125710227272729,0.02779845192021435,0.17782145420780912,False
2020-02-03,hist,2019-09-23,False,0.3714694315337862,0.31015373614587055,0.06131569538791565,0.027190126213291158,0.17599188041507752,False
2020-02-10,hist,2019-09-23,False,0.369620253164557,0.3092224231464738,0.06039783001808319,0.02671429102950478,0.17649691530224665,False
2020-02-17,hist,2019-09-23,False,0.3657608695652174,0.3072463768115942,0.05851449275362319,0.026359204634258282,0.17634187836858237,False
2020-02-24,hist,2019-09-23,False,0.3573764534883721,0.3012354651162791,0.056140988372093026,0.0260843134335765,0.17654289946973287,False
2020-03-02,hist,2019-09-23,False,0.3547101449275362,0.3,0.05471014492753623,0.02567221232787455,0.1767780963924088,False
2020-03-09,hist,2019-09-23,False,0.35322843190450354,0.2949900524507144,0.058238379453789124,0.025395583862537322,0.17849603950633974,False
2020-03-16,hist,2019-09-23,False,0.3477480710568814,0.291404988336623,0.0563430827202584,0.025242706385833275,0.17706468088537602,False
2020-03-23,hist,2019-09-23,False,0.3381294964028777,0.290050886120372,0.04807861028250571,0.025046791734807453,0.17251269542296668,False
2020-03-30,hist,2019-09-23,False,0.3394963902095439,0.2956506427187885,0.04384574749075543,0.025330307457953803,0.1689520258815666,False
2020-04-06,live,2019-09-23,False,0.34221203034044806,0.298818133709649,0.04339389663079907,0.025808738039132785,0.16624399092524014,False
2020-04-13,live,2019-09-23,False,0.34320041790005223,0.3007139125892391,0.04248650531081316,0.02593387452956362,0.1592370887773478,False
2020-04-20,live,2019-09-23,False,0.34558823529411764,0.30540355677154585,0.04018467852257179,0.02626959325705606,0.15602831387653335,False
2020-04-27,live,2019-09-23,False,0.34573119188503804,0.30464919695688925,0.04108199492814879,0.026611943923720315,0.15717693033120858,False
2020-05-04,live,2019-09-23,False,0.346911294394883,0.3036525837401111,0.04325871065477188,0.027059856851862234,0.15365964082380215,False
2020-05-11,live,2019-09-23,False,0.3494983277591973,0.30501672240802674,0.04448160535117057,0.02758496068192864,0.14783846870549264,False
2020-05-18,live,2019-09-23,False,0.35138287237587473,0.3060646451182939,0.045318227257580834,0.028375380166525403,0.1380846038435827,False
2020-05-25,live,2019-09-23,False,0.35578526175391795,0.3087695898632878,0.04701567189063016,0.02900555929499165,0.1335992010785725,False
2020-06-01,live,2019-09-23,False,0.35624895711663607,0.30869347572167527,0.0475554813949608,0.029373636646930507,0.13014181280412307,False
2020-06-08,live,2019-09-23,False,0.3557102602353721,0.3079728161776894,0.04773744405768271,0.02971889553187908,0.12360809778208051,False
2020-06-15,live,2019-09-23,False,0.3515981735159817,0.30316373124592305,0.048434442270058664,0.030075422496989964,0.11927903441706744,False
2020-06-22,live,2019-09-23,False,0.34413407821229053,0.2968874700718276,0.04724660814046294,0.030345223749196102,0.11769646649556809,False
2020-06-29,live,2019-09-23,False,0.3438785194558684,0.29500158177791835,0.04887693767795004,0.030482472578267496,0.11563436973452795,False
2020-07-06,live,2019-09-23,False,0.3408592035120728,0.29194104735026655,0.048918156161806226,0.030850851101057314,0.10987911660684332,False
2020-07-13,live,2019-09-23,False,0.34156886967263744,0.2904570722668314,0.05111179740580607,0.03159040032015607,0.10080186915300364,False
2020-07-20,live,2019-09-23,False,0.34427225767243996,0.2912488605287147,0.05302339714372528,0.032501501802162595,0.09288788864687955,False
2020-07-27,live,2019-09-23,False,0.3446667669625395,0.2903565518278923,0.05431021513464723,0.03301697801372264,0.08748422477934283,False
2020-08-03,live,2019-09-23,False,0.3463828520392974,0.29056266746055376,0.05582018457874366,0.03374108244549252,0.08240179705547618,False
2020-08-10,live,2019-09-23,False,0.3510853835021708,0.2917510853835022,0.05933429811866858,0.03426001994268047,0.07753927289684906,False
2020-08-17,live,2019-09-23,False,0.3533184606804239,0.29113218070273283,0.06218627997769105,0.0347832095787318,0.07278487503057775,False
2020-08-24,live,2019-09-23,False,0.35182186234817814,0.2869095816464238,0.06491228070175437,0.03527790710843222,0.06950048016048589,False
2020-08-31,live,2019-09-23,False,0.357813947333598,0.28582770940849545,0.07198623792510256,0.03662276972685649,0.06653462017412308,False
2020-09-07,live,2019-09-23,False,0.3701736201088365,0.29476548328582536,0.07540813682301112,0.03820692264043881,0.062021085798598934,False
2020-09-14,live,2019-09-23,False,0.3893927941546989,0.30826404635928445,0.08112874779541446,0.03997979542871575,0.0566759133982706,False
2020-09-21,live,2019-09-23,True,0.41833740831295846,0.32530562347188263,0.09303178484107583,0.040973135687544265,0.05175288245320255,False
2020-09-28,live,2020-09-21,False,0.4424001924001924,0.33850408850408853,0.10389610389610388,0.04172099912646065,0.04836520940039132,False
2020-10-05,live,2020-09-21,False,0.462038789025544,0.3483916745506149,0.11364711447492909,0.04274164934867454,0.045586145633794886,False
2020-10-12,live,2020-09-21,False,0.47525439407955594,0.3544172062904718,0.12083718778908414,0.0442221320003045,0.04287801122720521,False
2020-10-19,live,2020-09-21,False,0.4831980153360397,0.36152458276950833,0.12167343256653135,0.045186865125497896,0.04048497931757098,False
2020-10-26,live,2020-09-21,False,0.4912707182320442,0.3681767955801105,0.1230939226519337,0.04649210397440708,0.039333442812683264,False
2020-11-02,live,2020-09-21,False,0.4994050838290968,0.3740400216333153,0.12536506219578153,0.04738373759050415,0.037843621973194866,False
2020-11-09,live,2020-09-21,False,0.5082737269136329,0.3817657734600192,0.1265079534536137,0.04865660608223508,0.035632471241270246,False
2020-11-16,live,2020-09-21,False,0.5200892857142857,0.38998724489795916,0.13010204081632654,0.05043473826461664,0.03270168535104031,False
2020-11-23,live,2020-09-21,False,0.53220696937698,0.39978880675818373,0.13241816261879624,0.05187003794279884,0.029993964902045984,False
2020-11-30,live,2020-09-21,False,0.5466834328827412,0.4118201823325998,0.13486325055014142,0.05301067997090761,0.02797094613462626,False
2020-12-07,live,2020-09-21,False,0.5565540749922528,0.4189649829563062,0.13758909203594666,0.053804156955397336,0.026100390019706828,False
2020-12-14,live,2020-09-21,False,0.5610224287734896,0.4214992927864215,0.13952313598706811,0.05431932988042714,0.025627402896054113,False
2020-12-21,live,2020-09-21,False,0.5673153296266878,0.4257347100873709,0.14158061953931694,0.05514053988311281,0.025041834913665913,False
2020-12-28,live,2020-09-21,False,0.5741355733541708,0.4290877124438367,0.14504786091033406,0.05624263085046394,0.02436579242399288,False
2021-01-04,live,2020-09-21,False,0.5804431599229287,0.434393063583815,0.1460500963391137,0.05752382662681666,0.023082985374737373,False
2021-01-11,live,2020-09-21,False,0.5872429153634726,0.43929485356838216,0.14794806179509046,0.05875365966408136,0.021073447951187634,False
2021-01-18,live,2020-09-21,False,0.591717077710563,0.44225221033038625,0.14946486738017678,0.060053226366336254,0.019386491725040863,False
2021-01-25,live,2020-09-21,False,0.5929712460063897,0.4454586946599726,0.1475125513464171,0.060640975302046256,0.01813127947596327,False
2021-02-01,live,2020-09-21,False,0.5900981266726137,0.4431757359500446,0.14692239072256913,0.06144750754313124,0.017461187298313707,False
2021-02-08,live,2020-09-21,False,0.5852646143203044,0.4392943618125216,0.14597025250778278,0.06265749990307698,0.016970903481509137,False
2021-02-15,live,2020-09-21,False,0.5794095508906917,0.4346407961863344,0.1447687547043573,0.06367487595382762,0.01633432057214123,False
2021-02-22,live,2020-09-21,False,0.58400726192441,0.4392639049348077,0.14474335698960228,0.06453348894508203,0.01525336360035218,False
2021-03-01,live,2020-09-21,False,0.5900580492191971,0.4429727740986019,0.14708527512059522,0.06535913788740892,0.014188940424798267,False
2021-03-08,live,2020-09-21,False,0.597194063741789,0.4490308977374098,0.14816316600437918,0.0660235895904603,0.01443708045726566,False
2021-03-15,live,2020-09-21,False,0.60579476861167,0.4552917505030181,0.1505030181086519,0.06672381768824118,0.014231441684020778,False
2021-03-22,live,2020-09-21,False,0.6179540709812108,0.46145816605106793,0.15649590493014287,0.06767464214272725,0.013674332858821931,False
2021-03-29,live,2020-09-21,False,0.6234279838645891,0.465237680930159,0.1581903029344301,0.06812609343192919,0.012054939519873319,False
2021-04-05,live,2020-09-21,False,0.6228301301921885,0.4662120272783633,0.15661810291382516,0.06830250392561849,0.01257216433482685,False
2021-04-12,live,2020-09-21,False,0.619105291045341,0.46408296116872305,0.1550223298766179,0.06874126696005328,0.012769508251075656,False
2021-04-19,live,2020-09-21,False,0.6142509763466215,0.4592881880480436,0.1549627882985779,0.06927135152118134,0.01350749439529878,False
2021-04-26,live,2020-09-21,False,0.6101780074648292,0.45801033591731266,0.15216767154751654,0.07024324306589938,0.013346879062892216,False
2021-05-03,live,2020-09-21,False,0.6108180347471337,0.46015333755363297,0.15066469719350073,0.07128298859945562,0.01298852425233089,False
2021-05-10,live,2020-09-21,False,0.6124681758755934,0.4621894997591688,0.15027867611642465,0.07235480937759445,0.013388822746121524,False
2021-05-17,live,2020-09-21,False,0.6102341137123746,0.4654180602006689,0.14481605351170568,0.07326936801205297,0.013620148441774373,False
2021-05-24,live,2020-09-21,False,0.6080150688490517,0.46622499350480645,0.1417900753442452,0.07463428537340341,0.015242279651318916,False
2021-05-31,live,2020-09-21,False,0.60882819942839,0.4685296919657034,0.14029850746268657,0.07585281258720815,0.016841825133400167,False
2021-06-07,live,2020-09-21,False,0.6116908932786682,0.47260529258292955,0.13908560069573866,0.07696611625846761,0.016121911208821973,False
2021-06-14,live,2020-09-21,False,0.6168344007319305,0.47813357731015554,0.13870082342177498,0.07867703500984548,0.018358023023787504,False
2021-06-21,live,2020-09-21,False,0.6241590581451225,0.48504324843825086,0.13911580970687165,0.08023110409714931,0.02149012169969578,False
2021-06-28,live,2020-09-21,False,0.6285966981132075,0.48920990566037736,0.13938679245283014,0.08183603305342028,0.022985635955442667,False
2021-07-05,live,2020-09-21,False,0.6339668559508633,0.4932205354038707,0.14074632054699265,0.08399766281389148,0.023539322579937818,False
2021-07-12,live,2020-09-21,False,0.6398585443759982,0.49720511065480266,0.14265343372119554,0.08585790614107101,0.02408865027907442,False
2021-07-19,live,2020-09-21,False,0.6456449710787893,0.5022182287864323,0.14342674229235697,0.08694391628571814,0.025351962523782967,False
2021-07-26,live,2020-09-21,False,0.6506743311961087,0.5072407694008402,0.14343356179526856,0.08839148177174824,0.02546870448810159,False
2021-08-02,live,2020-09-21,False,0.6542724542724543,0.5118755118755118,0.14239694239694245,0.08956981315937282,0.02411735342807014,False
2021-08-09,live,2020-09-21,False,0.6608421966572607,0.5189928369871935,0.1418493596700673,0.09082658286147761,0.022218753352877645,False
2021-08-16,live,2020-09-21,False,0.6704995389705484,0.5288279004176385,0.14167163855290987,0.0919116650860317,0.0201576030628585,False
2021-08-23,live,2020-09-21,False,0.6791736702271864,0.537927669034322,0.14124600119286446,0.09334688346883468,0.01959623752060691,False
2021-08-30,live,2020-09-21,False,0.6821077637404168,0.5422200626282259,0.13988770111219095,0.09438874087331449,0.02044384428390813,False
2021-09-06,live,2020-09-21,False,0.6834741430339558,0.5438303826077597,0.13964376042619608,0.09476233110857887,0.021011755764031227,False
2021-09-13,live,2020-09-21,False,0.6825166559209113,0.5434128519234902,0.13910380399742106,0.09446430873403036,0.019807046699288067,False
2021-09-20,live,2020-09-21,False,0.6791024601243579,0.5429575560962422,0.13614490402811574,0.0949068424050118,0.018227747286356157,False
2021-09-27,live,2020-09-21,False,0.6785403996524761,0.5449066029539531,0.13363379669852304,0.09558434869820961,0.01715538716858642,False
2021-10-04,live,2020-09-21,False,0.6791277258566978,0.5476307591408428,0.13149696671585498,0.09612741148030525,0.016548753234651624,False
2021-10-11,live,2020-09-21,False,0.6811754308440123,0.5518669907202828,0.12930844012372955,0.09687759946438354,0.016776486982302115,False
2021-10-18,live,2020-09-21,False,0.6820461384152458,0.5525465284743118,0.1294996099409339,0.0974794117050959,0.01559573643155451,False
2021-10-25,live,2020-09-21,False,0.6811520970186963,0.5518499803492224,0.1293021166694739,0.09782043753248419,0.014542888052624318,False
2021-11-01,live,2020-09-21,False,0.6797940361002659,0.5506139308549766,0.12918010524528933,0.09802334756307282,0.012948370665686196,False
2021-11-08,live,2020-09-21,False,0.6784353857524589,0.548012962647109,0.1304224231053499,0.09789224640562966,0.01158091564616337,False
2021-11-15,live,2020-09-21,False,0.6767757382282522,0.545718846197697,0.13105689203055526,0.09709895885979986,0.010756798895101553,False
2021-11-22,live,2020-09-21,False,0.6744676005010819,0.5419656075617811,0.13250199293930076,0.09601191639650326,0.009675233990998502,False
2021-11-29,live,2020-09-21,False,0.671160409556314,0.5378839590443686,0.13327645051194537,0.09501756089011129,0.008428077180359254,False
2021-12-06,live,2020-09-21,False,0.6693424423569598,0.5356105892399659,0.13373185311699398,0.09437205508631673,0.007658291015641693,False
2021-12-13,live,2020-09-21,False,0.6692913385826772,0.5357754193769257,0.13351591920575145,0.09394670512595868,0.007252822609281917,False
2021-12-20,live,2020-09-21,False,0.667636654113888,0.5348054319297044,0.13283122218418353,0.09433466328786326,0.0074256335974877494,False
2021-12-27,live,2020-09-21,False,0.6642820351399302,0.5330509929605677,0.13123104217936254,0.0945608160460306,0.00851149385334543,False
2022-01-03,live,2020-09-21,False,0.6624090726845753,0.5315310155220803,0.130878057162495,0.09452267061914707,0.009235427038593255,False
2022-01-10,live,2020-09-21,False,0.6590869939707149,0.5291415446454206,0.12994544932529428,0.09483525069375219,0.00919184450291992,False
2022-01-17,live,2020-09-21,False,0.6560359219388636,0.5268551033331415,0.12918081860572217,0.09491135098008847,0.009812402943605006,False
2022-01-24,live,2020-09-21,False,0.653380047096663,0.5225432198035724,0.13083682729309054,0.09535837694748116,0.011166496301743212,False
2022-01-31,live,2020-09-21,False,0.6546143250688705,0.5227272727272727,0.1318870523415978,0.09547227518003785,0.011970201404860636,False
2022-02-07,live,2020-09-21,False,0.6578977731625707,0.5241721472251067,0.13372562593746395,0.09548016132181547,0.012123704965144411,False
2022-02-14,live,2020-09-21,False,0.6643568392243638,0.5283293542188319,0.13602748500553197,0.09565094568054024,0.01215818126828713,False
2022-02-21,live,2020-09-21,False,0.6640747403237973,0.5264898740788023,0.137584866244995,0.09598341957754913,0.013041366625702756,False
2022-02-28,live,2020-09-21,False,0.6667245269918417,0.5281490481976508,0.13857547879419085,0.09684889364595324,0.01391384048671115,False
2022-03-07,live,2020-09-21,False,0.6683982683982684,0.5284848484848484,0.13991341991342,0.0974215314581243,0.012850197363941105,False
2022-03-14,live,2020-09-21,False,0.6710071445033418,0.5289237151417377,0.142083429361604,0.09779130938508275,0.012735220372442608,False
2022-03-21,live,2020-09-21,False,0.6736539015260582,0.5308378923121221,0.1428160092139361,0.09840206949515636,0.012448236000547841,False
2022-03-28,live,2020-09-21,False,0.6750260025424708,0.5308563503987056,0.1441696521437652,0.09923093499986531,0.013531888753799294,False
2022-04-04,live,2020-09-21,False,0.6795445302968687,0.5344216580491489,0.1451228722477198,0.10003567173923286,0.01358995118574386,False
2022-04-11,live,2020-09-21,False,0.6864168618266979,0.5403395784543326,0.14607728337236536,0.1005305949522868,0.013983780523061356,False
2022-04-18,live,2020-09-21,False,0.6932810550703974,0.5455949622764807,0.14768609279391665,0.10104740163824359,0.014093076943625531,False
2022-04-25,live,2020-09-21,False,0.6999096113287134,0.5495028623079241,0.15040674902078932,0.10124155314812829,0.014253246848039065,False
2022-05-02,live,2020-09-21,False,0.7031402142161636,0.5514240506329114,0.15171616358325213,0.1012637035151986,0.012988859866710292,False
2022-05-09,live,2020-09-21,False,0.7055056041384407,0.5530853553393275,0.1524202487991132,0.10134506952758697,0.011742776800097564,False
2022-05-16,live,2020-09-21,False,0.7097377110460408,0.5510560089714036,0.15868170207463717,0.1010087514196005,0.010342424835711336,False
2022-05-23,live,2020-09-21,False,0.7132366905108565,0.5508007849591695,0.16243590555168697,0.10020808600888367,0.00941831304219775,False
2022-05-30,live,2020-09-21,False,0.7143040081956716,0.5496222307593802,0.16468177743629142,0.0997122148795566,0.009157469842652663,False
2022-06-06,live,2020-09-21,False,0.7150921359979237,0.5478198806125097,0.1672722553854139,0.09951900367898985,0.00827840124227388,False
2022-06-13,live,2020-09-21,False,0.7186058769271314,0.5495453946501515,0.1690604822769799,0.09892854533256279,0.007935743761964237,False
2022-06-20,live,2020-09-21,False,0.7183230020662534,0.5476904619076185,0.17063254015863494,0.09857145700769011,0.007118650885183025,False
2022-06-27,live,2020-09-21,False,0.712866635344654,0.5431908181757165,0.16967581716893754,0.09835424236798133,0.006619597813174959,False
2022-07-04,live,2020-09-21,False,0.7081329992550959,0.5399878106589016,0.16814518859619432,0.09744333803722033,0.0064868033325355,False
2022-07-11,live,2020-09-21,False,0.7009333060835207,0.5351863205940459,0.16574698548947475,0.0961720555419445,0.006165554064679904,False
2022-07-18,live,2020-09-21,False,0.6967551216829369,0.5309363398872542,0.16581878179568266,0.0956353748337711,0.006373811155076349,False
2022-07-25,live,2020-09-21,False,0.6928036605657238,0.5268996117581808,0.16590404880754306,0.09565458836595862,0.007495765472781556,False
2022-08-01,live,2020-09-21,False,0.6912798385413041,0.5219569907439627,0.1693228477973414,0.09578222480702125,0.009228725503710712,False
2022-08-08,live,2020-09-21,False,0.6877875365955667,0.5161020493517356,0.17168548724383104,0.09594327590878153,0.011650064163993189,False
2022-08-15,live,2020-09-21,False,0.6814097652712963,0.5070000696524344,0.17440969561886188,0.09647145906720685,0.015041102112556465,False
2022-08-22,live,2020-09-21,False,0.678716263459656,0.5016780869808418,0.17703817647881415,0.09694298909201425,0.017563533980298945,False
2022-08-29,live,2020-09-21,False,0.676837822671156,0.49950897867564537,0.17732884399551063,0.09698406827128854,0.01906480403696421,False
2022-09-05,live,2020-09-21,False,0.673762864796278,0.4957704779359932,0.1779923868602848,0.0977690332037053,0.019689748411401933,False
2022-09-12,live,2020-09-21,False,0.6718294849023091,0.49300177619893426,0.17882770870337483,0.0988380915934838,0.02248656701893411,False
2022-09-19,live,2020-09-21,False,0.6708544507102577,0.490684559925762,0.18016989078449575,0.09961152625990147,0.025303942420950607,False
2022-09-26,live,2020-09-21,False,0.6682832893516868,0.4874830611226018,0.18080022822908498,0.10016556837446157,0.0291034444642164,False
2022-10-03,live,2020-09-21,False,0.6638827942529549,0.48283671880529405,0.18104607544766088,0.09984288147453756,0.031395815685501254,False
2022-10-10,live,2020-09-21,False,0.6597212543554007,0.477212543554007,0.18250871080139375,0.09870143609002671,0.03194991564704058,False
2022-10-17,live,2020-09-21,False,0.6568928986398742,0.4722848745813683,0.1846080240585059,0.09756873136800265,0.03565519943841779,False
2022-10-24,live,2020-09-21,False,0.6565595310289064,0.4707229971026211,0.1858365339262853,0.09706290180259675,0.040421133928757166,False
2022-10-31,live,2020-09-21,False,0.6575488691707252,0.47114550670491695,0.18640336246580824,0.09760438874388146,0.04380860720509462,False
2022-11-07,live,2020-09-21,False,0.6595024875621891,0.4736318407960199,0.1858706467661692,0.09893732263788554,0.0484377741606099,False
2022-11-14,live,2020-09-21,False,0.6614890549220082,0.4769301350111417,0.18455891991086648,0.10053501557134872,0.052028717825744336,False
2022-11-21,live,2020-09-21,False,0.6607867121612052,0.47646945213416597,0.18431726002703924,0.1021068071204747,0.060697672545168266,False
2022-11-28,live,2020-09-21,False,0.6625633134577162,0.4779765339488363,0.18458677950887992,0.10375212620484942,0.07212086957254005,False
2022-12-05,live,2020-09-21,False,0.6626544389249777,0.4771366704878359,0.18551776843714174,0.1048545374437576,0.07605493230569632,False
2022-12-12,live,2020-09-21,False,0.662886467308667,0.4795995945261024,0.18328687278256456,0.10623630631112062,0.07833501448147806,False
2022-12-19,live,2020-09-21,False,0.6650993668108582,0.48504795937558776,0.18005140743527048,0.10701889316167865,0.07970801435655298,False
2022-12-26,live,2020-09-21,False,0.6668742216687422,0.4861768368617684,0.18069738480697384,0.10729967069154775,0.07850628083974193,False
2023-01-02,live,2020-09-21,False,0.6684965689332502,0.48708671241422336,0.1814098565190268,0.10790172864953856,0.07658577334186342,False
2023-01-09,live,2020-09-21,False,0.6706609249204268,0.4889221743743369,0.18173875054608996,0.10858726132553424,0.07582153995755747,False
2023-01-16,live,2020-09-21,False,0.6733354173179118,0.4913410440762738,0.18199437324163797,0.10949838057763858,0.07509076031932005,False
2023-01-23,live,2020-09-21,False,0.6782718385367392,0.4966887417218543,0.18158309681488494,0.11008591582255207,0.07309190530271088,False
2023-01-30,live,2020-09-21,False,0.67941400304414,0.497843734145104,0.181570268899036,0.11017628740594218,0.070621493215098,False
2023-02-06,live,2020-09-21,False,0.6821234409977615,0.5018228333866326,0.18030060761112887,0.1099507902274867,0.06674378611708864,False
2023-02-13,live,2020-09-21,False,0.6829268292682927,0.5037003668189716,0.17922646244932117,0.10992699560905948,0.06186626708982041,False
2023-02-20,live,2020-09-21,False,0.685098650051921,0.5059060228452752,0.17919262720664586,0.10969828304717454,0.05520777223628089,False
2023-02-27,live,2020-09-21,False,0.6836088064284315,0.5067616123342261,0.17684719409420535,0.10897798983120872,0.05089126702142019,False
2023-03-06,live,2020-09-21,False,0.6797513902518809,0.5040235525024533,0.17572783774942757,0.1087272291147506,0.051344781228391895,False
2023-03-13,live,2020-09-21,False,0.6739515652687537,0.5012797794841505,0.17267178578460318,0.10840516380010924,0.04975879184017212,False
2023-03-20,live,2020-09-21,False,0.6665573985445487,0.49616468891365634,0.17039270963089231,0.10749858422998768,0.052992680005647254,False
2023-03-27,live,2020-09-21,False,0.660441205179931,0.49144270189366823,0.16899850328626276,0.10653392989311267,0.05344895836027679,False
2023-04-03,live,2020-09-21,False,0.6544008277824485,0.488326974067128,0.16607385371532046,0.10548827277883428,0.05147518377615197,False
2023-04-10,live,2020-09-21,False,0.6487272257397596,0.4826204936038248,0.1661067321359348,0.10497126954571846,0.04950822367020147,False
2023-04-17,live,2020-09-21,False,0.6394353602452734,0.4766862544711293,0.1627491057741441,0.10441557747307086,0.049520715220810786,False
2023-04-24,live,2020-09-21,False,0.6330077381707472,0.4720284155778257,0.16097932259292147,0.10447331991359651,0.04754485743731643,False
2023-05-01,live,2020-09-21,False,0.6322321940042008,0.47158042136083,0.16065177264337083,0.10512522229799297,0.04683348182475029,False
2023-05-08,live,2020-09-21,False,0.6319426670079344,0.47152546711031484,0.1604171998976196,0.106010184034321,0.0449293819571674,False
2023-05-15,live,2020-09-21,False,0.6307781574366579,0.47334149958094257,0.1574366578557153,0.10612283056540524,0.0436561958987297,False
2023-05-22,live,2020-09-21,False,0.6243589743589744,0.4719871794871795,0.15237179487179486,0.1060541262946876,0.04191624251036845,False
2023-05-29,live,2020-09-21,False,0.6045553822152886,0.45765990639625587,0.14689547581903273,0.10600282817180809,0.03743764657208597,False
2023-06-05,live,2020-09-21,False,0.5789980152763577,0.4374812052685391,0.14151681000781863,0.10578806048492924,0.03685809811537405,False
2023-06-12,live,2020-09-21,False,0.5679471292854192,0.4246769339706143,0.14327019531480495,0.1058833051184687,0.03380616995180425,False
2023-06-19,live,2020-09-21,False,0.5667700954276682,0.42087699783385046,0.14589309759381774,0.10672283658065648,0.03227687493631063,False
2023-06-26,live,2020-09-21,False,0.569562415792865,0.42223654150313394,0.1473258742897311,0.10929577845140122,0.03284070404934544,False
2023-07-03,live,2020-09-21,False,0.5703437720744055,0.42235695785260186,0.1479868142218036,0.11323071939970174,0.033704409310686384,False
2023-07-10,live,2020-09-21,False,0.5724371143806359,0.42317275747508304,0.1492643569055529,0.1164151732135874,0.03520770477396631,False
2023-07-17,live,2020-09-21,False,0.5725691134413727,0.42302192564346996,0.14954718779790277,0.11859060764544131,0.034034407003929845,False
2023-07-24,live,2020-09-21,False,0.5735592411406754,0.4220260112158454,0.15153322992482998,0.11932392543770975,0.031079767309360174,False
2023-07-31,live,2020-09-21,False,0.5724339476352359,0.42100554660941136,0.15142840102582455,0.1188118811881188,0.02855904195745733,False
2023-08-07,live,2020-09-21,False,0.5707603741904533,0.4202446629887263,0.15051571120172702,0.11844551627505928,0.026107952214140723,False
2023-08-14,live,2020-09-21,False,0.5702893735274572,0.4220383012142814,0.14825107231317586,0.11841086706291776,0.023159523588979884,False
2023-08-21,live,2020-09-21,False,0.5710760712566201,0.42338709677419356,0.14768897448242652,0.11781978839043379,0.021581726562358666,False
2023-08-28,live,2020-09-21,False,0.5726024110837882,0.4252384094044263,0.14736400167936187,0.11689991846855649,0.020470605117905553,False
2023-09-04,live,2020-09-21,False,0.5725998098859315,0.4230038022813688,0.1495960076045627,0.1154450703275205,0.019069164806255888,False
2023-09-11,live,2020-09-21,False,0.5737453559002182,0.4222445007961314,0.15150085510408684,0.11403414001728608,0.01678848185626955,False
2023-09-18,live,2020-09-21,False,0.5765760487461917,0.42512303726271383,0.1514530114834779,0.11317911184099372,0.016104424377671185,False
2023-09-25,live,2020-09-21,False,0.5773365446748516,0.426070610350702,0.15126593432414964,0.11337238765126792,0.015204711508616298,False
2023-10-02,live,2020-09-21,False,0.579966926529648,0.42983699503897943,0.15012993149066856,0.11468723198789851,0.015679111734682206,False
2023-10-09,live,2020-09-21,False,0.5823802716225875,0.43316654753395284,0.1492137240886347,0.1160138987281989,0.015730460767367286,False
2023-10-16,live,2020-09-21,False,0.5841006198471445,0.4353974845038214,0.14870313534332308,0.11716338442045102,0.015201827798917555,False
2023-10-23,live,2020-09-21,False,0.5843772584919297,0.43537701758612385,0.14900024090580583,0.11733944335871689,0.013993126280572307,False
2023-10-30,live,2020-09-21,False,0.5826984222208891,0.43379926810246566,0.14889915411842342,0.11650969790536031,0.013311856523936742,False
2023-11-06,live,2020-09-21,False,0.580639431616341,0.43102427471876853,0.1496151568975725,0.11484762149097341,0.01235623463903553,False
2023-11-13,live,2020-09-21,False,0.5773328650040979,0.4255941927174804,0.15173867228661747,0.11332986324705437,0.011479057481340461,False
2023-11-20,live,2020-09-21,False,0.5783809354857785,0.4272958429424635,0.15108509254331504,0.11302791938151986,0.010682325870955241,False
2023-11-27,live,2020-09-21,False,0.5765336159189921,0.4255269045095961,0.15100671140939598,0.11294473678877578,0.010034273232407905,False
2023-12-04,live,2020-09-21,False,0.5784169269758944,0.4294807567631284,0.148936170212766,0.11375716765387239,0.010492052684894608,False
2023-12-11,live,2020-09-21,False,0.5807021677662583,0.4309613572101791,0.14974081055607918,0.11410547360458205,0.011606600544685278,False
2023-12-18,live,2020-09-21,False,0.5797187093724147,0.42630894693298665,0.153409762439428,0.11361442122674949,0.011089982551718884,False
2023-12-25,live,2020-09-21,False,0.5795656817372731,0.42666429334282663,0.15290138839444645,0.11388236564364186,0.01159867065608441,False
2024-01-01,live,2020-09-21,False,0.5791083401952711,0.4272438536642748,0.15186448653099632,0.11353304738424128,0.011692608728721934,False
2024-01-08,live,2020-09-21,False,0.5798072402444758,0.42789139633286316,0.15191584391161267,0.11318192872004107,0.011571032448281813,False
2024-01-15,live,2020-09-21,False,0.579431585115734,0.42701435687078815,0.15241722824494586,0.11260144197957984,0.01079343103987307,False
2024-01-22,live,2020-09-21,False,0.5783132530120482,0.4246253305906553,0.15368792242139284,0.11268870951399912,0.010302378081590173,False
2024-01-29,live,2020-09-21,False,0.5790254614517182,0.42542584129621935,0.15359962015549883,0.11344929022507691,0.011427073232190808,False
2024-02-05,live,2020-09-21,False,0.5782894736842106,0.42410287081339715,0.15418660287081343,0.11392729307241707,0.01076981170158768,False
2024-02-12,live,2020-09-21,False,0.5775768535262206,0.42320675105485234,0.15437010247136823,0.11420836055305994,0.010096681765309012,False
2024-02-19,live,2020-09-21,False,0.57595396729255,0.4210175651120533,0.1549364021804967,0.11400916758095674,0.00935677156497228,False
2024-02-26,live,2020-09-21,False,0.5727294803302574,0.416221466731423,0.15650801359883437,0.11335038018975843,0.006866180042924493,False
2024-03-04,live,2020-09-21,False,0.5714808489875579,0.4132105391558917,0.15827030983166623,0.11250176540611066,0.00558642040010791,False
2024-03-11,live,2020-09-21,False,0.5731572481572481,0.41197788697788695,0.16117936117936116,0.1120063435318151,0.004948050451916623,False
2024-03-18,live,2020-09-21,False,0.5760089130973013,0.41136419905917304,0.16464471403812825,0.11173998281233215,0.00461259571129102,False
2024-03-25,live,2020-09-21,False,0.5787005190419611,0.4127946970170721,0.16590582202488896,0.111658038037501,0.004653569558174428,False
2024-04-01,live,2020-09-21,False,0.5825987697380938,0.41315238759591605,0.16944638214217772,0.11169439887508788,0.004460815955423159,False
2024-04-08,live,2020-09-21,False,0.5867179980750722,0.4161693936477382,0.170548604427334,0.11143136101005778,0.0037458321827491415,False
2024-04-15,live,2020-09-21,False,0.5950045769582843,0.42160324310187003,0.17340133385641432,0.11076257725215906,0.0034733668422865013,False
2024-04-22,live,2020-09-21,False,0.5992999141404134,0.4249389076018757,0.1743610065385377,0.10987772844247103,0.003529496951504334,False
2024-04-29,live,2020-09-21,False,0.5952412338518324,0.42202741892960716,0.1732138149222252,0.10845952271408854,0.002798024608786557,False
2024-05-06,live,2020-09-21,False,0.5919657556799474,0.41883437602897594,0.17313137965097142,0.10668871566790471,0.002359720968706666,False
2024-05-13,live,2020-09-21,False,0.5919190583256183,0.4169422034122471,0.17497685491337123,0.10597769942882279,0.002029117743385571,False
2024-05-20,live,2020-09-21,False,0.5986294006987369,0.4193765116904058,0.17925288900833114,0.10555732992654104,0.0021593848571024176,False
2024-05-27,live,2020-09-21,False,0.6195455179144013,0.43405827408336817,0.1854872438310331,0.10503460712296799,0.002849535880795034,False
2024-06-03,live,2020-09-21,False,0.6504447548334926,0.45791369550834377,0.19253105932514886,0.10432952693832584,0.003075625152761238,False
2024-06-10,live,2020-09-21,False,0.662665248442486,0.47135693663576966,0.1913083118067163,0.1032709143169097,0.003489258383562746,False
2024-06-17,live,2020-09-21,False,0.6565741950357334,0.47052947052947053,0.18604472450626292,0.10165838786827512,0.0038665574169546198,False
2024-06-24,live,2020-09-21,False,0.6468550311802295,0.46362306567095235,0.18323196550927712,0.09833804112198646,0.004176521356944832,False
2024-07-01,live,2020-09-21,False,0.6441604434521518,0.45992763107244594,0.1842328123797059,0.09363689510434388,0.004771019789240031,False
2024-07-08,live,2020-09-21,False,0.6440730185627359,0.45782946930601554,0.18624354925672038,0.09036453201970443,0.005573680388436155,False
2024-07-15,live,2020-09-21,False,0.6439271721594838,0.4571713912575862,0.1867557809018976,0.08884932730712634,0.006205501482334119,False
2024-07-22,live,2020-09-21,False,0.6415415570345148,0.45666305525460454,0.18487850177991022,0.088316002310803,0.00668637076238628,False
2024-07-29,live,2020-09-21,False,0.6398278560250391,0.45618153364632236,0.18364632237871675,0.08781594721861515,0.007075760906427355,False
2024-08-05,live,2020-09-21,False,0.6378288694003318,0.4531089515683021,0.18471991783202968,0.08766193343773958,0.00754823234285121,False
2024-08-12,live,2020-09-21,False,0.6367766618842658,0.45098039215686275,0.1857962697274031,0.08727763191493541,0.007894085818048511,False
2024-08-19,live,2020-09-21,False,0.6324848484848485,0.4471111111111111,0.1853737373737374,0.08676772564971161,0.00810928938872739,False
2024-08-26,live,2020-09-21,False,0.6255704041720991,0.44092242503259454,0.18464797913950454,0.08631697259996471,0.008330720970051895,False
2024-09-02,live,2020-09-21,False,0.6214090570411458,0.4410961172282474,0.18031293981289842,0.08564790644251853,0.00820014695192675,False
2024-09-09,live,2020-09-21,False,0.6124378109452736,0.43598673300165836,0.17645107794361525,0.08482914766313675,0.008447236346215444,False
2024-09-16,live,2020-09-21,False,0.602076980136817,0.425945767740872,0.17613121239594498,0.08390992167101828,0.009278119615776454,False
2024-09-23,live,2020-09-21,False,0.5989128644374897,0.42299456432218746,0.17591830011530224,0.08270073040345163,0.010447894409525402,False
2024-09-30,live,2020-09-21,False,0.5957394308274387,0.41750287876295444,0.1782365520644843,0.08213875398193117,0.011745796948158013,False
2024-10-07,live,2020-09-21,False,0.5922306574059119,0.4136649975771281,0.17856565982878375,0.08185158068143189,0.012942037329080808,False
2024-10-14,live,2020-09-21,False,0.5913029777847802,0.41429021585000786,0.1770127619347724,0.0814059357949,0.01354784969965734,False
2024-10-21,live,2020-09-21,False,0.5872441914140637,0.4078319741498692,0.17941221726419448,0.08049620951068229,0.013935202417878111,False
2024-10-28,live,2020-09-21,False,0.5844879518072289,0.4009789156626506,0.1835090361445783,0.08062553843523323,0.013672346240935038,False
2024-11-04,live,2020-09-21,False,0.5851247097595685,0.39757321548947644,0.1875514942700921,0.08274990788019161,0.013167752322671797,False
2024-11-11,live,2020-09-21,False,0.5870646766169154,0.40057289311020655,0.18649178350670886,0.08596026228731905,0.012877004135228062,False
2024-11-18,live,2020-09-21,False,0.5883014623172104,0.4031496062992126,0.18515185601799777,0.08857244383612124,0.012871281832306698,False
2024-11-25,live,2020-09-21,False,0.5926403641881639,0.4088012139605463,0.1838391502276176,0.09121390627465419,0.013036312540193743,False
2024-12-02,live,2020-09-21,False,0.5929270127915726,0.4090293453724605,0.18389766741911207,0.09153896261983563,0.012721843688617548,False
2024-12-09,live,2020-09-21,False,0.5888997665486859,0.4021387152647037,0.18676105128398224,0.0922322750452377,0.012294543366807827,False
2024-12-16,live,2020-09-21,False,0.587372739705212,0.40077495821303755,0.18659778149217443,0.0937031484257871,0.01124933256017558,False
2024-12-23,live,2020-09-21,False,0.5879629629629629,0.3997419550698239,0.188221007893139,0.0943273373014568,0.01109436108814451,False
2024-12-30,live,2020-09-21,False,0.5890557939914163,0.4002912323727774,0.18876456161863886,0.09661645240160896,0.011687999933794881,False
2025-01-06,live,2020-09-21,False,0.5894769042520649,0.40035178953808503,0.18912511471397986,0.09745754354129273,0.013089420861786431,False
2025-01-13,live,2020-09-21,False,0.5905071423172852,0.39808026604187136,0.19242687627541383,0.09756579207203886,0.01456136951302063,False
2025-01-20,live,2020-09-21,False,0.5909986140491648,0.3942665402290466,0.19673207382011815,0.09732257254943401,0.016582332277512053,False
2025-01-27,live,2020-09-21,False,0.5859276839313137,0.38307971520312717,0.2028479687281865,0.0975519164826127,0.016748450939233325,False
2025-02-03,live,2020-09-21,False,0.5821796959826275,0.37981813246471224,0.2023615635179153,0.0977683174244188,0.019635295028428063,False
2025-02-10,live,2020-09-21,False,0.5805963272559731,0.37964852234581714,0.20094780491015596,0.0989823496046178,0.02395275842552934,False
2025-02-17,live,2020-09-21,False,0.5819650937297997,0.3850032320620556,0.19696186166774404,0.10046739908124988,0.028327442349717534,False
2025-02-24,live,2020-09-21,False,0.5874416522795575,0.3935673636421766,0.19387428863738088,0.10276857152422082,0.03796849086251171,False
2025-03-03,live,2020-09-21,False,0.5926162902297012,0.39957770810672466,0.19303858212297653,0.10488147850542387,0.0421167294936403,False
2025-03-10,live,2020-09-21,False,0.5954261689387184,0.4030449738820232,0.19238119505669515,0.10705671097770154,0.043872631384155966,False
2025-03-17,live,2020-09-21,False,0.5959212109696624,0.40477547659763125,0.1911457343720312,0.10865396220848364,0.04243958418966119,False
2025-03-24,live,2020-09-21,False,0.5943064961123652,0.4028718334587409,0.1914346626536243,0.11064712556478305,0.04259378492105147,False
2025-03-31,live,2020-09-21,False,0.5911293328363771,0.4006087712759349,0.19052056156044223,0.11074890104719784,0.04601960429470017,False
2025-04-07,live,2020-09-21,False,0.591361305073225,0.4010381264289687,0.19032317864425635,0.11094220835126992,0.051592517154460976,False
2025-04-14,live,2020-09-21,False,0.5934889434889435,0.40251842751842754,0.190970515970516,0.11144693884419912,0.05212997934733839,False
2025-04-21,live,2020-09-21,False,0.5943010555860638,0.40472267984623833,0.1895783757398255,0.11161866262422099,0.054380335612606856,False
2025-04-28,live,2020-09-21,False,0.5946697286517193,0.40672025140508855,0.18794947724663075,0.11173470764415423,0.05741166575976106,False
2025-05-05,live,2020-09-21,False,0.5952581032412965,0.4081032412965186,0.18715486194477787,0.11185756339968131,0.05930891876757072,False
2025-05-12,live,2020-09-21,False,0.5936757013789824,0.4082857822158821,0.18538991916310033,0.1120260138857904,0.06470758985909678,False
2025-05-19,live,2020-09-21,False,0.5933916538597943,0.40790873625724083,0.18548291760255348,0.11251463096148251,0.06712066201876915,False
2025-05-26,live,2020-09-21,False,0.593667079426853,0.40875051595023293,0.1849165634766201,0.11318085516830584,0.0690448475473355,False
2025-06-02,live,2020-09-21,False,0.5947439590804868,0.40966547122111824,0.1850784878593686,0.11461077438797278,0.06910664759660365,False
2025-06-09,live,2020-09-21,False,0.5959329582747305,0.4112751992498828,0.18465775902484766,0.1158630782990487,0.068072074208999,False
2025-06-16,live,2020-09-21,False,0.6015289620699794,0.41417230226404,0.1873566598059394,0.11667479542621796,0.06771466418861143,False
2025-06-23,live,2020-09-21,False,0.6084768839164151,0.41946368318238325,0.18901320073403183,0.11697684022394779,0.06639360493051756,False
2025-06-30,live,2020-09-21,False,0.6111209911672298,0.4218981563815282,0.18922283478570162,0.117460295969347,0.06475511921854066,False
2025-07-07,live,2020-09-21,False,0.6121093518353792,0.42382731423827313,0.18828203759710604,0.11749851053458268,0.061823493134123345,False
2025-07-14,live,2020-09-21,False,0.6123201331906291,0.425020811035795,0.18729932215483408,0.11666034874905232,0.056331375237501105,False
2025-07-21,live,2020-09-21,False,0.6140673145295094,0.4255155250059256,0.18855178952358376,0.1156873103597746,0.053256132932822525,False
2025-07-28,live,2020-09-21,False,0.617288315361499,0.4271404160037711,0.19014789935772786,0.11580381471389646,0.05181810768405894,False
2025-08-04,live,2020-09-21,False,0.6183366382829815,0.4287880555231541,0.1895485827598274,0.11516899687796932,0.0517447573589266,False
2025-08-11,live,2020-09-21,False,0.6156364889705882,0.42589613970588236,0.18974034926470584,0.11466146240624511,0.05048640385068378,False
2025-08-18,live,2020-09-21,False,0.6140709219858156,0.4250212765957447,0.1890496453900709,0.1145885125424837,0.05004229719372795,False
2025-08-25,live,2020-09-21,False,0.6163216964638204,0.42721786701257686,0.18910382945124354,0.11498084447898346,0.049854124315455675,False
2025-09-01,live,2020-09-21,False,0.6182873730043541,0.4298314167690075,0.1884559562353466,0.1159252104224833,0.05227439215619807,False
2025-09-08,live,2020-09-21,False,0.6240685129574018,0.4356022689356023,0.18846624402179957,0.11739272980615549,0.0559234352316374,False
2025-09-15,live,2020-09-21,False,0.627570196772054,0.43903382710590316,0.18853636966615078,0.11856272688119117,0.057524892711867295,False
2025-09-22,live,2020-09-21,False,0.6297760210803689,0.4410957400087835,0.1886802810715854,0.1193835794544733,0.05821929245761845,False
2025-09-29,live,2020-09-21,False,0.6323569668765399,0.44352586914864495,0.18883109772789491,0.12086655160132599,0.05916385318377799,False
2025-10-06,live,2020-09-21,False,0.637211855104281,0.4455543358946213,0.19165751920965973,0.1220516403943249,0.059356889346485656,False
2025-10-13,live,2020-09-21,False,0.64058856191005,0.44941699056079953,0.19117157134925045,0.12412900929513067,0.060595968472416134,False
2025-10-20,live,2020-09-21,False,0.6445888669115569,0.45532636337948573,0.1892625035320712,0.12691177475568918,0.06294033917442193,False
2025-10-27,live,2020-09-21,False,0.6495558887991695,0.4624524166570539,0.1871034721421156,0.1289860509532417,0.06507072282414768,False
2025-11-03,live,2020-09-21,False,0.6525670945157527,0.4684947491248541,0.18407234539089856,0.12969425171412605,0.06642991774607797,False
2025-11-10,live,2020-09-21,False,0.6533894835351232,0.4681523074223548,0.18523717611276835,0.12865664519207826,0.06568572897386155,False
2025-11-17,live,2020-09-21,False,0.6533278889342589,0.4649127923933967,0.18841509654086214,0.12639623349595716,0.06470691253984023,False
2025-11-24,live,2020-09-21,False,0.6533040665434381,0.46043207024029575,0.19287199630314233,0.12416678630760711,0.06326875075272681,False
2025-12-01,live,2020-09-21,False,0.6546065982489708,0.45892039195222356,0.19568620629674727,0.12423299244108493,0.06452819643532838,False
2025-12-08,live,2020-09-21,False,0.6534862490014836,0.45777701700330936,0.1957092319981742,0.12379430045415254,0.06681491366901178,False
2025-12-15,live,2020-09-21,False,0.6539347301016682,0.45801269448969273,0.19592203561197552,0.12357571420707877,0.06959511695539673,False
2025-12-22,live,2020-09-21,False,0.6525509062430074,0.45776460058178564,0.19478630566122174,0.1237380524143254,0.07163297470974103,False
2025-12-29,live,2020-09-21,False,0.6470071871399572,0.4521863170022494,0.19482087013770777,0.1220244270163354,0.07158455991745281,False
2026-01-05,live,2020-09-21,False,0.6433991711963835,0.44927614229589363,0.19412302890048982,0.12194360195165287,0.07187642213526366,False
2026-01-12,live,2020-09-21,False,0.6435020960980329,0.45205847576050734,0.19144362033752554,0.12326501108585806,0.07461902429484132,False
2026-01-19,live,2020-09-21,False,0.6414902170999732,0.4525864379522916,0.18890377914768164,0.12344097103740277,0.07343309566111177,False
2026-01-26,live,2020-09-21,False,0.6411567343026042,0.45949832241572136,0.18165841188688286,0.12338256345797982,0.07768189342065704,False
2026-02-02,live,2020-09-21,False,0.6491610825411667,0.46148252038855125,0.1876785621526154,0.12456577423769255,0.0784998052521701,False
2026-02-09,live,2020-09-21,False,0.6484029858325293,0.45605037322906616,0.19235261260346315,0.12390890502714517,0.07528698985376392,False
2026-02-16,live,2020-09-21,False,0.648472936195948,0.45484326176796697,0.19362967442798107,0.12561513660274903,0.07384552940094417,False
2026-02-23,live,2020-09-21,False,0.6470411685258366,0.4527537391826322,0.19428742934320442,0.12701395586316447,0.07376811319762128,False
2026-03-02,live,2020-09-21,False,0.6460876872126934,0.4538579407839454,0.19222974642874796,0.12872745384040699,0.07799309399539484,False
2026-03-09,live,2020-09-21,False,0.6483863020448386,0.45691056910569106,0.19147573293914755,0.1309595095523239,0.08272231903606218,False
2026-03-16,live,2020-09-21,False,0.6503396672245741,0.45820616323717633,0.1921335039873978,0.13345898210218957,0.0869281466198575,False
2026-03-23,live,2020-09-21,False,0.6518634451726499,0.45969871857576056,0.19216472659688938,0.13374155888748998,0.08754569079731853,False
2026-03-30,live,2020-09-21,False,0.6471603990790483,0.4572141212586339,0.1899462778204144,0.1352519638677064,0.08887026768622608,False
2026-04-06,live,2020-09-21,False,0.6440964875158697,0.45314336765881413,0.19095311985705554,0.1361893228378242,0.08494940159967433,False
2026-04-13,live,2020-09-21,False,0.6338922648147302,0.44259149266687986,0.1913007721478503,0.1376664033682868,0.08277155118124334,False
2026-04-20,live,2020-09-21,False,0.6254435770049681,0.43616926898509584,0.18927430801987227,0.13914532405552116,0.08230847490238871,False
2026-04-27,live,2020-09-21,False,0.6266805900013053,0.4394117391115172,0.18726885088978806,0.140914610061881,0.08487129492361256,False
2026-05-04,live,2020-09-21,False,0.6296060451689591,0.43988792664289356,0.18971811852606557,0.14338532555165165,0.08958812396961952,False
2026-05-11,live,2020-09-21,False,0.6343252652519894,0.44558189655172414,0.18874336870026526,0.14627822631279594,0.09274164133540039,False
2026-05-18,live,2020-09-21,False,0.6376331934129803,0.45237326444946724,0.18525992896351307,0.1487448009506833,0.09355860009019085,False
2026-05-25,live,2020-09-21,False,0.6392039800995025,0.45381094527363186,0.18539303482587066,0.15236328139553945,0.09549074309112407,False
2026-06-01,live,2020-09-21,False,0.6417233560090703,0.4578935022284776,0.1838298537805927,0.15559928470419226,0.10241326381771537,False
2026-06-08,live,2020-09-21,False,0.6453881732349681,0.46301746875119454,0.18237070448377357,0.15841919229901483,0.11308046582737794,False
2026-06-15,live,2020-09-21,False,0.6501406337896118,0.4707294205887868,0.17941121320082504,0.16091233265842675,0.12303116023327815,False
2026-06-22,live,2020-09-21,False,0.65458963879377,0.47255053573401085,0.18203910305975912,0.16313149327241958,0.12844371993680684,False
2026-06-29,live,2020-09-21,False,0.6573852512508157,0.47672395040243637,0.18066130084837934,0.16485835758804077,0.13718743501708136,False
2026-07-06,live,2020-09-21,False,0.6602470019688563,0.4819402183640594,0.1783067836047969,0.1669100724100227,0.14748896428689615,False
2026-07-13,live,2020-09-21,False,0.662481379016812,0.4856352415407533,0.1768461374760587,0.1692638036809816,0.15682935518119775,False
2026-07-20,live,2020-09-21,False,0.6641470960483757,0.4896990577977781,0.17444803825059763,0.17173068789172147,0.16330502858896329,False
2026-07-27,live,2020-09-21,False,0.6651990075829053,0.4926092881853444,0.1725897193975609,0.1740055340172495,0.1699647279121816,False
2026-08-03,live,2020-09-21,False,0.6684508706683814,0.4966111709707692,0.1718396996976122,0.17598621957530955,0.17514908784815442,False
2026-08-10,live,2020-09-21,False,0.6727783169277693,0.5021488978233745,0.17062941910439489,0.1768870661972376,0.18123232788199722,False
2026-08-17,live,2020-09-21,False,0.6767949116803208,0.5063776832935808,0.17041722838674,0.17802751404766518,0.18808609736751417,False
2026-08-24,live,2020-09-21,False,0.6791006291470416,0.5093340667652215,0.16976656238182009,0.17854285292586866,0.1938500833657766,False
2026-08-31,live,2020-09-21,False,0.6816121944520737,0.5124279044218621,0.16918429003021151,0.17903875776010952,0.196483438389763,False
2026-09-07,live,2020-09-21,False,0.6825598135325975,0.5143278261465689,0.16823198738602863,0.17908843007401637,0.19562378947384726,False
2026-09-14,live,2020-09-21,False,0.6849527085124677,0.5176268271711092,0.1673258813413585,0.1792603561825338,0.19667017391325073,False
